City:
  City_gabbioneta_binanuova:
    Province:  ProvinceCR
    id:        D834
    name:      'Gabbioneta Binanuova'
    latitude:  45.21737
    longitude: 10.221426
  City_gabiano:
    Province:  ProvinceAL
    id:        D835
    name:      Gabiano
    latitude:  45.157833
    longitude: 8.196426
  City_gabicce_mare:
    Province:  ProvincePU
    id:        D836
    name:      'Gabicce Mare'
    latitude:  43.964881
    longitude: 12.7564
  City_gaby:
    Province:  ProvinceAO
    id:        D839
    name:      Gaby
    latitude:  45.71313
    longitude: 7.883907
  City_gadesco_pieve_delmona:
    Province:  ProvinceCR
    id:        D841
    name:      'Gadesco-Pieve Delmona'
    latitude:  45.157488
    longitude: 10.116081
  City_gadoni:
    Province:  ProvinceNU
    id:        D842
    name:      Gadoni
    latitude:  39.913125
    longitude: 9.184365
  City_gaeta:
    Province:  ProvinceLT
    id:        D843
    name:      Gaeta
    latitude:  41.214072
    longitude: 13.571
  City_gaggi:
    Province:  ProvinceME
    id:        D844
    name:      Gaggi
    latitude:  37.859944
    longitude: 15.221627
  City_gaggiano:
    Province:  ProvinceMI
    id:        D845
    name:      Gaggiano
    latitude:  45.406261
    longitude: 9.033503
  City_gaggio_montano:
    Province:  ProvinceBO
    id:        D847
    name:      'Gaggio Montano'
    latitude:  44.197981
    longitude: 10.933907
  City_gaglianico:
    Province:  ProvinceBI
    id:        D848
    name:      Gaglianico
    latitude:  45.5387
    longitude: 8.07316
  City_gagliano_castelferrato:
    Province:  ProvinceEN
    id:        D849
    name:      'Gagliano Castelferrato'
    latitude:  37.713148
    longitude: 14.537667
  City_gagliano_aterno:
    Province:  ProvinceAQ
    id:        D850
    name:      'Gagliano Aterno'
    latitude:  42.1275
    longitude: 13.700944
  City_gagliano_del_capo:
    Province:  ProvinceLE
    id:        D851
    name:      'Gagliano del Capo'
    latitude:  39.845333
    longitude: 18.370315
  City_gagliato:
    Province:  ProvinceCZ
    id:        D852
    name:      Gagliato
    latitude:  38.676943
    longitude: 16.461074
  City_gagliole:
    Province:  ProvinceMC
    id:        D853
    name:      Gagliole
    latitude:  43.238505
    longitude: 13.067657
  City_gaiarine:
    Province:  ProvinceTV
    id:        D854
    name:      Gaiarine
    latitude:  45.879537
    longitude: 12.480963
  City_gaiba:
    Province:  ProvinceRO
    id:        D855
    name:      Gaiba
    latitude:  44.947204
    longitude: 11.481259
  City_gaiola:
    Province:  ProvinceCN
    id:        D856
    name:      Gaiola
    latitude:  44.336259
    longitude: 7.408148
  City_gaiole_in_chianti:
    Province:  ProvinceSI
    id:        D858
    name:      'Gaiole in Chianti'
    latitude:  43.469303
    longitude: 11.433304
  City_gairo:
    Province:  ProvinceOG
    id:        D859
    name:      Gairo
    latitude:  39.847995
    longitude: 9.507155
  City_gais:
    Province:  ProvinceBZ
    id:        D860
    name:      Gais
    latitude:  46.831521
    longitude: 11.945701
  City_galati_mamertino:
    Province:  ProvinceME
    id:        D861
    name:      'Galati Mamertino'
    latitude:  38.033148
    longitude: 14.771722
  City_galatina:
    Province:  ProvinceLE
    id:        D862
    name:      Galatina
    latitude:  40.175
    longitude: 18.169074
  City_galatone:
    Province:  ProvinceLE
    id:        D863
    name:      Galatone
    latitude:  40.143907
    longitude: 18.071259
  City_galatro:
    Province:  ProvinceRC
    id:        D864
    name:      Galatro
    latitude:  38.461172
    longitude: 16.111279
  City_galbiate:
    Province:  ProvinceLC
    id:        D865
    name:      Galbiate
    latitude:  45.817455
    longitude: 9.375352
  City_galeata:
    Province:  ProvinceFC
    id:        D867
    name:      Galeata
    latitude:  43.998907
    longitude: 11.914222
  City_galgagnano:
    Province:  ProvinceLO
    id:        D868
    name:      Galgagnano
    latitude:  45.358907
    longitude: 9.446407
  City_gallarate:
    Province:  ProvinceVA
    id:        D869
    name:      Gallarate
    latitude:  45.660202
    longitude: 8.793484
  City_gallese:
    Province:  ProvinceVT
    id:        D870
    name:      Gallese
    latitude:  42.372649
    longitude: 12.403207
  City_galliate_lombardo:
    Province:  ProvinceVA
    id:        D871
    name:      'Galliate Lombardo'
    latitude:  45.785963
    longitude: 8.771574
  City_galliate:
    Province:  ProvinceNO
    id:        D872
    name:      Galliate
    latitude:  45.478062
    longitude: 8.696037
  City_galliavola:
    Province:  ProvincePV
    id:        D873
    name:      Galliavola
    latitude:  45.098039
    longitude: 8.818742
  City_gallicano:
    Province:  ProvinceLU
    id:        D874
    name:      Gallicano
    latitude:  44.060834
    longitude: 10.440026
  City_gallicano_nel_lazio:
    Province:  ProvinceRM
    id:        D875
    name:      'Gallicano Nel Lazio'
    latitude:  41.872432
    longitude: 12.818071
  City_gallicchio:
    Province:  ProvincePZ
    id:        D876
    name:      Gallicchio
    latitude:  40.289289
    longitude: 16.138959
  City_galliera:
    Province:  ProvinceBO
    id:        D878
    name:      Galliera
    latitude:  44.750641
    longitude: 11.391419
  City_galliera_veneta:
    Province:  ProvincePD
    id:        D879
    name:      'Galliera Veneta'
    latitude:  45.664002
    longitude: 11.830471
  City_gallinaro:
    Province:  ProvinceFR
    id:        D881
    name:      Gallinaro
    latitude:  41.654529
    longitude: 13.797881
  City_gallio:
    Province:  ProvinceVI
    id:        D882
    name:      Gallio
    latitude:  45.891426
    longitude: 11.542957
  City_gallipoli:
    Province:  ProvinceLE
    id:        D883
    name:      Gallipoli
    latitude:  40.056248
    longitude: 17.978841
  City_gallo_matese:
    Province:  ProvinceCE
    id:        D884
    name:      'Gallo Matese'
    latitude:  41.465648
    longitude: 14.225944
  City_gallodoro:
    Province:  ProvinceME
    id:        D885
    name:      Gallodoro
    latitude:  37.901842
    longitude: 15.293108
  City_galluccio:
    Province:  ProvinceCE
    id:        D886
    name:      Galluccio
    latitude:  41.35283
    longitude: 13.954819
  City_galtelli:
    Province:  ProvinceNU
    id:        D888
    name:      Galtelli
    latitude:  40.386426
    longitude: 9.61563
  City_galzignano_terme:
    Province:  ProvincePD
    id:        D889
    name:      'Galzignano Terme'
    latitude:  45.307485
    longitude: 11.731414
  City_gamalero:
    Province:  ProvinceAL
    id:        D890
    name:      Gamalero
    latitude:  44.809859
    longitude: 8.541817
  City_gambara:
    Province:  ProvinceBS
    id:        D891
    name:      Gambara
    latitude:  45.256259
    longitude: 10.294537
  City_gambarana:
    Province:  ProvincePV
    id:        D892
    name:      Gambarana
    latitude:  45.029389
    longitude: 8.764556
  City_gambasca:
    Province:  ProvinceCN
    id:        D894
    name:      Gambasca
    latitude:  44.62987
    longitude: 7.348444
  City_gambassi_terme:
    Province:  ProvinceFI
    id:        D895
    name:      'Gambassi Terme'
    latitude:  43.540104
    longitude: 10.954871
  City_gambatesa:
    Province:  ProvinceCB
    id:        D896
    name:      Gambatesa
    latitude:  41.510018
    longitude: 14.914555
  City_gambellara:
    Province:  ProvinceVI
    id:        D897
    name:      Gambellara
    latitude:  45.460796
    longitude: 11.341278
  City_gamberale:
    Province:  ProvinceCH
    id:        D898
    name:      Gamberale
    latitude:  41.904808
    longitude: 14.209344
  City_gambettola:
    Province:  ProvinceFC
    id:        D899
    name:      Gambettola
    latitude:  44.117815
    longitude: 12.339556
  City_gambolo:
    Province:  ProvincePV
    id:        D901
    name:      Gambolò
    latitude:  45.264912
    longitude: 8.858692
  City_gambugliano:
    Province:  ProvinceVI
    id:        D902
    name:      Gambugliano
    latitude:  45.588907
    longitude: 11.439704
  City_gandellino:
    Province:  ProvinceBG
    id:        D903
    name:      Gandellino
    latitude:  45.989867
    longitude: 9.946402
  City_gandino:
    Province:  ProvinceBG
    id:        D905
    name:      Gandino
    latitude:  45.816988
    longitude: 9.895972
  City_gandosso:
    Province:  ProvinceBG
    id:        D906
    name:      Gandosso
    latitude:  45.662961
    longitude: 9.887046
  City_gangi:
    Province:  ProvincePA
    id:        D907
    name:      Gangi
    latitude:  37.797169
    longitude: 14.205691
  City_garaguso:
    Province:  ProvinceMT
    id:        D909
    name:      Garaguso
    latitude:  40.549556
    longitude: 16.228148
  City_garbagna:
    Province:  ProvinceAL
    id:        D910
    name:      Garbagna
    latitude:  44.781407
    longitude: 8.998907
  City_garbagna_novarese:
    Province:  ProvinceNO
    id:        D911
    name:      'Garbagna Novarese'
    latitude:  45.385086
    longitude: 8.66077
  City_garbagnate_milanese:
    Province:  ProvinceMI
    id:        D912
    name:      'Garbagnate Milanese'
    latitude:  45.575807
    longitude: 9.078088
  City_garbagnate_monastero:
    Province:  ProvinceLC
    id:        D913
    name:      'Garbagnate Monastero'
    latitude:  45.774389
    longitude: 9.3025
  City_garda:
    Province:  ProvinceVR
    id:        D915
    name:      Garda
    latitude:  45.574648
    longitude: 10.707708
  City_gardone_riviera:
    Province:  ProvinceBS
    id:        D917
    name:      'Gardone Riviera'
    latitude:  45.622333
    longitude: 10.562475
  City_gardone_val_trompia:
    Province:  ProvinceBS
    id:        D918
    name:      'Gardone Val Trompia'
    latitude:  45.688295
    longitude: 10.185779
  City_garessio:
    Province:  ProvinceCN
    id:        D920
    name:      Garessio
    latitude:  44.206169
    longitude: 8.015295
  City_gargallo:
    Province:  ProvinceNO
    id:        D921
    name:      Gargallo
    latitude:  45.72987
    longitude: 8.426407
  City_gargazzone:
    Province:  ProvinceBZ
    id:        D923
    name:      Gargazzone
    latitude:  46.585796
    longitude: 11.204704
  City_gargnano:
    Province:  ProvinceBS
    id:        D924
    name:      Gargnano
    latitude:  45.688725
    longitude: 10.66243
  City_garlasco:
    Province:  ProvincePV
    id:        D925
    name:      Garlasco
    latitude:  45.198463
    longitude: 8.924852
  City_garlate:
    Province:  ProvinceLC
    id:        D926
    name:      Garlate
    latitude:  45.813148
    longitude: 9.400796
  City_garlenda:
    Province:  ProvinceSV
    id:        D927
    name:      Garlenda
    latitude:  44.033626
    longitude: 8.094362
  City_garniga:
    Province:  ProvinceTN
    id:        D928
    name:      Garniga
    latitude:  45.999722
    longitude: 11.086671
  City_garzeno:
    Province:  ProvinceCO
    id:        D930
    name:      Garzeno
    latitude:  46.13468
    longitude: 9.244214
  City_garzigliana:
    Province:  ProvinceTO
    id:        D931
    name:      Garzigliana
    latitude:  44.837135
    longitude: 7.374135
  City_gasperina:
    Province:  ProvinceCZ
    id:        D932
    name:      Gasperina
    latitude:  38.740479
    longitude: 16.507029
  City_gassino_torinese:
    Province:  ProvinceTO
    id:        D933
    name:      'Gassino Torinese'
    latitude:  45.129775
    longitude: 7.824298
  City_gattatico:
    Province:  ProvinceRE
    id:        D934
    name:      Gattatico
    latitude:  44.764406
    longitude: 10.527839
  City_gatteo:
    Province:  ProvinceFC
    id:        D935
    name:      Gatteo
    latitude:  44.111305
    longitude: 12.386107
  City_gattico:
    Province:  ProvinceNO
    id:        D937
    name:      Gattico
    latitude:  45.70813
    longitude: 8.521278
  City_gattinara:
    Province:  ProvinceVC
    id:        D938
    name:      Gattinara
    latitude:  45.618926
    longitude: 8.368611
  City_gavardo:
    Province:  ProvinceBS
    id:        D940
    name:      Gavardo
    latitude:  45.585635
    longitude: 10.441316
  City_gavazzana:
    Province:  ProvinceAL
    id:        D941
    name:      Gavazzana
    latitude:  44.776726
    longitude: 8.885697
  City_gavello:
    Province:  ProvinceRO
    id:        D942
    name:      Gavello
    latitude:  45.022667
    longitude: 11.916278
  City_gaverina_terme:
    Province:  ProvinceBG
    id:        D943
    name:      'Gaverina Terme'
    latitude:  45.756722
    longitude: 9.887833
  City_gavi:
    Province:  ProvinceAL
    id:        D944
    name:      Gavi
    latitude:  44.688663
    longitude: 8.80288
  City_gavignano:
    Province:  ProvinceRM
    id:        D945
    name:      Gavignano
    latitude:  41.699788
    longitude: 13.051104
  City_gavirate:
    Province:  ProvinceVA
    id:        D946
    name:      Gavirate
    latitude:  45.844691
    longitude: 8.715116
  City_gavoi:
    Province:  ProvinceNU
    id:        D947
    name:      Gavoi
    latitude:  40.162815
    longitude: 9.196278
  City_gavorrano:
    Province:  ProvinceGR
    id:        D948
    name:      Gavorrano
    latitude:  42.925333
    longitude: 10.910333
  City_gazoldo_degli_ippoliti:
    Province:  ProvinceMN
    id:        D949
    name:      'Gazoldo degli Ippoliti'
    latitude:  45.201259
    longitude: 10.580481
  City_gazzada_schianno:
    Province:  ProvinceVA
    id:        D951
    name:      'Gazzada Schianno'
    latitude:  45.779686
    longitude: 8.822954
  City_gazzaniga:
    Province:  ProvinceBG
    id:        D952
    name:      Gazzaniga
    latitude:  45.794389
    longitude: 9.830963
  City_gazzo:
    Province:  ProvincePD
    id:        D956
    name:      Gazzo
    latitude:  45.581574
    longitude: 11.705333
  City_gazzo_veronese:
    Province:  ProvinceVR
    id:        D957
    name:      'Gazzo Veronese'
    latitude:  45.141342
    longitude: 11.077533
  City_gazzola:
    Province:  ProvincePC
    id:        D958
    name:      Gazzola
    latitude:  44.96046
    longitude: 9.548767
  City_gazzuolo:
    Province:  ProvinceMN
    id:        D959
    name:      Gazzuolo
    latitude:  45.065167
    longitude: 10.579704
  City_gela:
    Province:  ProvinceCL
    id:        D960
    name:      Gela
    latitude:  37.066229
    longitude: 14.250248
  City_gemmano:
    Province:  ProvinceRN
    id:        D961
    name:      Gemmano
    latitude:  43.904321
    longitude: 12.580652
  City_gemona_del_friuli:
    Province:  ProvinceUD
    id:        D962
    name:      'Gemona del Friuli'
    latitude:  46.278993
    longitude: 13.136768
  City_gemonio:
    Province:  ProvinceVA
    id:        D963
    name:      Gemonio
    latitude:  45.877981
    longitude: 8.67813
  City_genazzano:
    Province:  ProvinceRM
    id:        D964
    name:      Genazzano
    latitude:  41.826259
    longitude: 12.971722
  City_genga:
    Province:  ProvinceAN
    id:        D965
    name:      Genga
    latitude:  43.43063
    longitude: 12.935944
  City_genivolta:
    Province:  ProvinceCR
    id:        D966
    name:      Genivolta
    latitude:  45.333611
    longitude: 9.878463
  City_genola:
    Province:  ProvinceCN
    id:        D967
    name:      Genola
    latitude:  44.589635
    longitude: 7.665363
  City_genoni:
    Province:  ProvinceOR
    id:        D968
    name:      Genoni
    latitude:  39.795796
    longitude: 9.009074
  City_genova:
    Province:  ProvinceGE
    id:        D969
    name:      Genova
    latitude:  44.407062
    longitude: 8.933989
  City_genuri:
    Province:  ProvinceVS
    id:        D970
    name:      Genuri
    latitude:  39.745315
    longitude: 8.924389
  City_genzano_di_lucania:
    Province:  ProvincePZ
    id:        D971
    name:      'Genzano di Lucania'
    latitude:  40.848907
    longitude: 16.031741
  City_genzano_di_roma:
    Province:  ProvinceRM
    id:        D972
    name:      'Genzano di Roma'
    latitude:  41.707455
    longitude: 12.690099
  City_genzone:
    Province:  ProvincePV
    id:        D973
    name:      Genzone
    latitude:  45.181741
    longitude: 9.348611
  City_gera_lario:
    Province:  ProvinceCO
    id:        D974
    name:      'Gera Lario'
    latitude:  46.172056
    longitude: 9.368759
  City_gerace:
    Province:  ProvinceRC
    id:        D975
    name:      Gerace
    latitude:  38.271231
    longitude: 16.219764
  City_locri:
    Province:  ProvinceRC
    id:        D976
    name:      Locri
    latitude:  38.236415
    longitude: 16.259896
  City_geraci_siculo:
    Province:  ProvincePA
    id:        D977
    name:      'Geraci Siculo'
    latitude:  37.857429
    longitude: 14.154172
  City_gerano:
    Province:  ProvinceRM
    id:        D978
    name:      Gerano
    latitude:  41.934074
    longitude: 12.995333
  City_gerenzago:
    Province:  ProvincePV
    id:        D980
    name:      Gerenzago
    latitude:  45.206738
    longitude: 9.359879
  City_gerenzano:
    Province:  ProvinceVA
    id:        D981
    name:      Gerenzano
    latitude:  45.640618
    longitude: 9.002209
  City_gergei:
    Province:  ProvinceCA
    id:        D982
    name:      Gergei
    latitude:  39.70083
    longitude: 9.101403
  City_germagnano:
    Province:  ProvinceTO
    id:        D983
    name:      Germagnano
    latitude:  45.264852
    longitude: 7.47063
  City_germagno:
    Province:  ProvinceVB
    id:        D984
    name:      Germagno
    latitude:  45.891801
    longitude: 8.387999
  City_germasino:
    Province:  ProvinceCO
    id:        D986
    name:      Germasino
    latitude:  46.1362
    longitude: 9.264376
  City_germignaga:
    Province:  ProvinceVA
    id:        D987
    name:      Germignaga
    latitude:  45.993088
    longitude: 8.727222
  City_gerocarne:
    Province:  ProvinceVV
    id:        D988
    name:      Gerocarne
    latitude:  38.588376
    longitude: 16.219004
  City_gerola_alta:
    Province:  ProvinceSO
    id:        D990
    name:      'Gerola Alta'
    latitude:  46.061362
    longitude: 9.550946
  City_gerosa:
    Province:  ProvinceBG
    id:        D991
    name:      Gerosa
    latitude:  45.850796
    longitude: 9.57063
  City_gerre_de_caprioli:
    Province:  ProvinceCR
    id:        D993
    name:      'Gerre de'' Caprioli'
    latitude:  45.104695
    longitude: 10.04057
  City_gesico:
    Province:  ProvinceCA
    id:        D994
    name:      Gesico
    latitude:  39.616131
    longitude: 9.108768
  City_gessate:
    Province:  ProvinceMI
    id:        D995
    name:      Gessate
    latitude:  45.555771
    longitude: 9.434988
  City_gessopalena:
    Province:  ProvinceCH
    id:        D996
    name:      Gessopalena
    latitude:  42.057667
    longitude: 14.274074
  City_gesturi:
    Province:  ProvinceVS
    id:        D997
    name:      Gesturi
    latitude:  39.733227
    longitude: 9.021286
  City_gesualdo:
    Province:  ProvinceAV
    id:        D998
    name:      Gesualdo
    latitude:  41.007833
    longitude: 15.073463
  City_ghedi:
    Province:  ProvinceBS
    id:        D999
    name:      Ghedi
    latitude:  45.402646
    longitude: 10.274762
  City_ghemme:
    Province:  ProvinceNO
    id:        E001
    name:      Ghemme
    latitude:  45.600648
    longitude: 8.422667
  City_ghiffa:
    Province:  ProvinceVB
    id:        E003
    name:      Ghiffa
    latitude:  45.959241
    longitude: 8.618148
  City_ghilarza:
    Province:  ProvinceOR
    id:        E004
    name:      Ghilarza
    latitude:  40.120786
    longitude: 8.835924
  City_ghisalba:
    Province:  ProvinceBG
    id:        E006
    name:      Ghisalba
    latitude:  45.595796
    longitude: 9.760315
  City_ghislarengo:
    Province:  ProvinceVC
    id:        E007
    name:      Ghislarengo
    latitude:  45.53
    longitude: 8.386259
  City_giacciano_con_baruchella:
    Province:  ProvinceRO
    id:        E008
    name:      'Giacciano con Baruchella'
    latitude:  45.06813
    longitude: 11.451407
  City_giaglione:
    Province:  ProvinceTO
    id:        E009
    name:      Giaglione
    latitude:  45.136215
    longitude: 7.008699
  City_gianico:
    Province:  ProvinceBS
    id:        E010
    name:      Gianico
    latitude:  45.86513
    longitude: 10.182047
  City_giano_vetusto:
    Province:  ProvinceCE
    id:        E011
    name:      'Giano Vetusto'
    latitude:  41.199496
    longitude: 14.196353
  City_giano_dell_umbria:
    Province:  ProvincePG
    id:        E012
    name:      'Giano dell''Umbria'
    latitude:  42.833523
    longitude: 12.577827
  City_giardinello:
    Province:  ProvincePA
    id:        E013
    name:      Giardinello
    latitude:  38.089241
    longitude: 13.157981
  City_giardini_naxos:
    Province:  ProvinceME
    id:        E014
    name:      Giardini-Naxos
    latitude:  37.825338
    longitude: 15.266688
  City_giarole:
    Province:  ProvinceAL
    id:        E015
    name:      Giarole
    latitude:  45.061574
    longitude: 8.567667
  City_giarratana:
    Province:  ProvinceRG
    id:        E016
    name:      Giarratana
    latitude:  37.048107
    longitude: 14.793727
  City_giarre:
    Province:  ProvinceCT
    id:        E017
    name:      Giarre
    latitude:  37.726457
    longitude: 15.183839
  City_giave:
    Province:  ProvinceSS
    id:        E019
    name:      Giave
    latitude:  40.452223
    longitude: 8.749937
  City_giaveno:
    Province:  ProvinceTO
    id:        E020
    name:      Giaveno
    latitude:  45.041772
    longitude: 7.352521
  City_giavera_del_montello:
    Province:  ProvinceTV
    id:        E021
    name:      'Giavera del Montello'
    latitude:  45.794852
    longitude: 12.169537
  City_giba:
    Province:  ProvinceCI
    id:        E022
    name:      Giba
    latitude:  39.072981
    longitude: 8.636741
  City_gibellina:
    Province:  ProvinceTP
    id:        E023
    name:      Gibellina
    latitude:  37.813589
    longitude: 12.870163
  City_gifflenga:
    Province:  ProvinceBI
    id:        E024
    name:      Gifflenga
    latitude:  45.493408
    longitude: 8.231883
  City_giffone:
    Province:  ProvinceRC
    id:        E025
    name:      Giffone
    latitude:  38.438974
    longitude: 16.149004
  City_giffoni_sei_casali:
    Province:  ProvinceSA
    id:        E026
    name:      'Giffoni Sei Casali'
    latitude:  40.727929
    longitude: 14.891699
  City_giffoni_valle_piana:
    Province:  ProvinceSA
    id:        E027
    name:      'Giffoni Valle Piana'
    latitude:  40.719035
    longitude: 14.943728
  City_gignese:
    Province:  ProvinceVB
    id:        E028
    name:      Gignese
    latitude:  45.861741
    longitude: 8.511111
  City_gignod:
    Province:  ProvinceAO
    id:        E029
    name:      Gignod
    latitude:  45.780944
    longitude: 7.2975
  City_gildone:
    Province:  ProvinceCB
    id:        E030
    name:      Gildone
    latitude:  41.509636
    longitude: 14.739958
  City_gimigliano:
    Province:  ProvinceCZ
    id:        E031
    name:      Gimigliano
    latitude:  38.975252
    longitude: 16.529514
  City_ginestra:
    Province:  ProvincePZ
    id:        E033
    name:      Ginestra
    latitude:  40.930271
    longitude: 15.733853
  City_ginestra_degli_schiavoni:
    Province:  ProvinceBN
    id:        E034
    name:      'Ginestra degli Schiavoni'
    latitude:  41.280944
    longitude: 15.044704
  City_ginosa:
    Province:  ProvinceTA
    id:        E036
    name:      Ginosa
    latitude:  40.581278
    longitude: 16.757056
  City_gioi:
    Province:  ProvinceSA
    id:        E037
    name:      Gioi
    latitude:  40.288662
    longitude: 15.216904
  City_gioia_del_colle:
    Province:  ProvinceBA
    id:        E038
    name:      'Gioia del Colle'
    latitude:  40.797902
    longitude: 16.924622
  City_gioia_sannitica:
    Province:  ProvinceCE
    id:        E039
    name:      'Gioia Sannitica'
    latitude:  41.301278
    longitude: 14.445
  City_gioia_dei_marsi:
    Province:  ProvinceAQ
    id:        E040
    name:      'Gioia dei Marsi'
    latitude:  41.956116
    longitude: 13.684107
  City_gioia_tauro:
    Province:  ProvinceRC
    id:        E041
    name:      'Gioia Tauro'
    latitude:  38.425
    longitude: 15.899852
  City_gioiosa_marea:
    Province:  ProvinceME
    id:        E043
    name:      'Gioiosa Marea'
    latitude:  38.173926
    longitude: 14.896407
  City_gioiosa_ionica:
    Province:  ProvinceRC
    id:        E044
    name:      'Gioiosa Ionica'
    latitude:  38.335478
    longitude: 16.301988
  City_giove:
    Province:  ProvinceTR
    id:        E045
    name:      Giove
    latitude:  42.510315
    longitude: 12.331741
  City_giovinazzo:
    Province:  ProvinceBA
    id:        E047
    name:      Giovinazzo
    latitude:  41.187536
    longitude: 16.672556
  City_giovo:
    Province:  ProvinceTN
    id:        E048
    name:      Giovo
    latitude:  46.156752
    longitude: 11.153135
  City_girasole:
    Province:  ProvinceOG
    id:        E049
    name:      Girasole
    latitude:  39.95313
    longitude: 9.662815
  City_girifalco:
    Province:  ProvinceCZ
    id:        E050
    name:      Girifalco
    latitude:  38.825315
    longitude: 16.425018
  City_gironico:
    Province:  ProvinceCO
    id:        E051
    name:      Gironico
    latitude:  45.801154
    longitude: 9.003304
  City_gissi:
    Province:  ProvinceCH
    id:        E052
    name:      Gissi
    latitude:  42.021971
    longitude: 14.546155
  City_giuggianello:
    Province:  ProvinceLE
    id:        E053
    name:      Giuggianello
    latitude:  40.095481
    longitude: 18.36987
  City_giugliano_in_campania:
    Province:  ProvinceNA
    id:        E054
    name:      'Giugliano in Campania'
    latitude:  40.928601
    longitude: 14.197162
  City_giuliana:
    Province:  ProvincePA
    id:        E055
    name:      Giuliana
    latitude:  37.674058
    longitude: 13.237553
  City_giuliano_teatino:
    Province:  ProvinceCH
    id:        E056
    name:      'Giuliano Teatino'
    latitude:  42.304309
    longitude: 14.285774
  City_giuliano_di_roma:
    Province:  ProvinceFR
    id:        E057
    name:      'Giuliano di Roma'
    latitude:  41.540796
    longitude: 13.280481
  City_giulianova:
    Province:  ProvinceTE
    id:        E058
    name:      Giulianova
    latitude:  42.75255
    longitude: 13.962371
  City_giuncugnano:
    Province:  ProvinceLU
    id:        E059
    name:      Giuncugnano
    latitude:  44.210219
    longitude: 10.247229
  City_giungano:
    Province:  ProvinceSA
    id:        E060
    name:      Giungano
    latitude:  40.395796
    longitude: 15.108148
  City_giurdignano:
    Province:  ProvinceLE
    id:        E061
    name:      Giurdignano
    latitude:  40.1225
    longitude: 18.433611
  City_giussago:
    Province:  ProvincePV
    id:        E062
    name:      Giussago
    latitude:  45.285796
    longitude: 9.141889
  City_giussano:
    Province:  ProvinceMI
    id:        E063
    name:      Giussano
    latitude:  45.699761
    longitude: 9.209378
  City_giustenice:
    Province:  ProvinceSV
    id:        E064
    name:      Giustenice
    latitude:  44.172623
    longitude: 8.244304
  City_giustino:
    Province:  ProvinceTN
    id:        E065
    name:      Giustino
    latitude:  46.148985
    longitude: 10.76874
  City_giusvalla:
    Province:  ProvinceSV
    id:        E066
    name:      Giusvalla
    latitude:  44.448907
    longitude: 8.395333
  City_givoletto:
    Province:  ProvinceTO
    id:        E067
    name:      Givoletto
    latitude:  45.160858
    longitude: 7.494986
  City_gizzeria:
    Province:  ProvinceCZ
    id:        E068
    name:      Gizzeria
    latitude:  38.981111
    longitude: 16.204241
  City_glorenza:
    Province:  ProvinceBZ
    id:        E069
    name:      Glorenza
    latitude:  46.671278
    longitude: 10.555944
  City_sesta_godano:
    Province:  ProvinceSP
    id:        E070
    name:      'Sesta Godano'
    latitude:  44.292911
    longitude: 9.671362
  City_godega_di_sant_urbano:
    Province:  ProvinceTV
    id:        E071
    name:      'Godega di Sant''Urbano'
    latitude:  45.930796
    longitude: 12.399222
  City_godiasco:
    Province:  ProvincePV
    id:        E072
    name:      Godiasco
    latitude:  44.896902
    longitude: 9.056877
  City_godrano:
    Province:  ProvincePA
    id:        E074
    name:      Godrano
    latitude:  37.904279
    longitude: 13.42936
  City_goito:
    Province:  ProvinceMN
    id:        E078
    name:      Goito
    latitude:  45.255963
    longitude: 10.67313
  City_golasecca:
    Province:  ProvinceVA
    id:        E079
    name:      Golasecca
    latitude:  45.697538
    longitude: 8.658634
  City_golferenzo:
    Province:  ProvincePV
    id:        E081
    name:      Golferenzo
    latitude:  44.962037
    longitude: 9.307037
  City_gombito:
    Province:  ProvinceCR
    id:        E082
    name:      Gombito
    latitude:  45.261317
    longitude: 9.729954
  City_gonars:
    Province:  ProvinceUD
    id:        E083
    name:      Gonars
    latitude:  45.896889
    longitude: 13.23813
  City_goni:
    Province:  ProvinceCA
    id:        E084
    name:      Goni
    latitude:  39.577976
    longitude: 9.286665
  City_gonnosfanadiga:
    Province:  ProvinceVS
    id:        E085
    name:      Gonnosfanadiga
    latitude:  39.494752
    longitude: 8.662114
  City_gonnesa:
    Province:  ProvinceCI
    id:        E086
    name:      Gonnesa
    latitude:  39.264145
    longitude: 8.471093
  City_gonnoscodina:
    Province:  ProvinceOR
    id:        E087
    name:      Gonnoscodina
    latitude:  39.701259
    longitude: 8.836407
  City_gonnostramatza:
    Province:  ProvinceOR
    id:        E088
    name:      Gonnostramatza
    latitude:  39.682352
    longitude: 8.835315
  City_gonzaga:
    Province:  ProvinceMN
    id:        E089
    name:      Gonzaga
    latitude:  44.951152
    longitude: 10.820067
  City_gordona:
    Province:  ProvinceSO
    id:        E090
    name:      Gordona
    latitude:  46.293296
    longitude: 9.366407
  City_gorga:
    Province:  ProvinceRM
    id:        E091
    name:      Gorga
    latitude:  41.655953
    longitude: 13.109808
  City_gorgo_al_monticano:
    Province:  ProvinceTV
    id:        E092
    name:      'Gorgo al Monticano'
    latitude:  45.788542
    longitude: 12.552369
  City_gorgoglione:
    Province:  ProvinceMT
    id:        E093
    name:      Gorgoglione
    latitude:  40.393661
    longitude: 16.144121
  City_gorgonzola:
    Province:  ProvinceMI
    id:        E094
    name:      Gorgonzola
    latitude:  45.530705
    longitude: 9.4057
  City_goriano_sicoli:
    Province:  ProvinceAQ
    id:        E096
    name:      'Goriano Sicoli'
    latitude:  42.081889
    longitude: 13.775796
  City_gorizia:
    Province:  ProvinceGO
    id:        E098
    name:      Gorizia
    latitude:  45.941305
    longitude: 13.621546
  City_gorlago:
    Province:  ProvinceBG
    id:        E100
    name:      Gorlago
    latitude:  45.675
    longitude: 9.824074
  City_gorla_maggiore:
    Province:  ProvinceVA
    id:        E101
    name:      'Gorla Maggiore'
    latitude:  45.666889
    longitude: 8.89313
  City_gorla_minore:
    Province:  ProvinceVA
    id:        E102
    name:      'Gorla Minore'
    latitude:  45.642204
    longitude: 8.903759
  City_gorle:
    Province:  ProvinceBG
    id:        E103
    name:      Gorle
    latitude:  45.701278
    longitude: 9.713926
  City_gornate_olona:
    Province:  ProvinceVA
    id:        E104
    name:      'Gornate Olona'
    latitude:  45.7425
    longitude: 8.861111
  City_gorno:
    Province:  ProvinceBG
    id:        E106
    name:      Gorno
    latitude:  45.863444
    longitude: 9.842667
  City_goro:
    Province:  ProvinceFE
    id:        E107
    name:      Goro
    latitude:  44.851889
    longitude: 12.295944
  City_gorreto:
    Province:  ProvinceGE
    id:        E109
    name:      Gorreto
    latitude:  44.605963
    longitude: 9.292352
  City_gorzegno:
    Province:  ProvinceCN
    id:        E111
    name:      Gorzegno
    latitude:  44.512422
    longitude: 8.134552
  City_gosaldo:
    Province:  ProvinceBL
    id:        E113
    name:      Gosaldo
    latitude:  46.222164
    longitude: 11.95503
  City_gossolengo:
    Province:  ProvincePC
    id:        E114
    name:      Gossolengo
    latitude:  45.001478
    longitude: 9.617175
  City_gottasecca:
    Province:  ProvinceCN
    id:        E115
    name:      Gottasecca
    latitude:  44.461392
    longitude: 8.168433
  City_gottolengo:
    Province:  ProvinceBS
    id:        E116
    name:      Gottolengo
    latitude:  45.292968
    longitude: 10.27105
  City_govone:
    Province:  ProvinceCN
    id:        E118
    name:      Govone
    latitude:  44.805109
    longitude: 8.095051
  City_gozzano:
    Province:  ProvinceNO
    id:        E120
    name:      Gozzano
    latitude:  45.747518
    longitude: 8.437815
  City_gradara:
    Province:  ProvincePU
    id:        E122
    name:      Gradara
    latitude:  43.939084
    longitude: 12.770985
  City_gradisca_d_isonzo:
    Province:  ProvinceGO
    id:        E124
    name:      'Gradisca D''Isonzo'
    latitude:  45.891407
    longitude: 13.491259
  City_grado:
    Province:  ProvinceGO
    id:        E125
    name:      Grado
    latitude:  45.678463
    longitude: 13.395963
  City_gradoli:
    Province:  ProvinceVT
    id:        E126
    name:      Gradoli
    latitude:  42.644537
    longitude: 11.855963
  City_graffignana:
    Province:  ProvinceLO
    id:        E127
    name:      Graffignana
    latitude:  45.20928
    longitude: 9.453901
  City_graffignano:
    Province:  ProvinceVT
    id:        E128
    name:      Graffignano
    latitude:  42.573611
    longitude: 12.202667
  City_graglia:
    Province:  ProvinceBI
    id:        E130
    name:      Graglia
    latitude:  45.559537
    longitude: 7.979241
  City_gragnano:
    Province:  ProvinceNA
    id:        E131
    name:      Gragnano
    latitude:  40.69251
    longitude: 14.513789
  City_gragnano_trebbiense:
    Province:  ProvincePC
    id:        E132
    name:      'Gragnano Trebbiense'
    latitude:  45.014241
    longitude: 9.57
  City_grammichele:
    Province:  ProvinceCT
    id:        E133
    name:      Grammichele
    latitude:  37.214706
    longitude: 14.636354
  City_grana:
    Province:  ProvinceAT
    id:        E134
    name:      Grana
    latitude:  44.999389
    longitude: 8.300648
  City_granaglione:
    Province:  ProvinceBO
    id:        E135
    name:      Granaglione
    latitude:  44.116498
    longitude: 10.962852
  City_granarolo_dell_emilia:
    Province:  ProvinceBO
    id:        E136
    name:      'Granarolo dell''Emilia'
    latitude:  44.551131
    longitude: 11.445373
  City_grancona:
    Province:  ProvinceVI
    id:        E138
    name:      Grancona
    latitude:  45.4232
    longitude: 11.452877
  City_grandate:
    Province:  ProvinceCO
    id:        E139
    name:      Grandate
    latitude:  45.773746
    longitude: 9.062348
  City_grandola_ed_uniti:
    Province:  ProvinceCO
    id:        E141
    name:      'Grandola ed Uniti'
    latitude:  46.025963
    longitude: 9.213926
  City_graniti:
    Province:  ProvinceME
    id:        E142
    name:      Graniti
    latitude:  37.890323
    longitude: 15.225827
  City_granozzo_con_monticello:
    Province:  ProvinceNO
    id:        E143
    name:      'Granozzo con Monticello'
    latitude:  45.361278
    longitude: 8.574555
  City_grantola:
    Province:  ProvinceVA
    id:        E144
    name:      Grantola
    latitude:  45.950167
    longitude: 8.775481
  City_grantorto:
    Province:  ProvincePD
    id:        E145
    name:      Grantorto
    latitude:  45.601889
    longitude: 11.732667
  City_granze:
    Province:  ProvincePD
    id:        E146
    name:      Granze
    latitude:  45.157518
    longitude: 11.715796
  City_grassano:
    Province:  ProvinceMT
    id:        E147
    name:      Grassano
    latitude:  40.632692
    longitude: 16.283514
  City_grassobbio:
    Province:  ProvinceBG
    id:        E148
    name:      Grassobbio
    latitude:  45.657815
    longitude: 9.726722
  City_gratteri:
    Province:  ProvincePA
    id:        E149
    name:      Gratteri
    latitude:  37.966071
    longitude: 13.973772
  City_grauno:
    Province:  ProvinceTN
    id:        E150
    name:      Grauno
    latitude:  46.229344
    longitude: 11.298064
  City_gravedona:
    Province:  ProvinceCO
    id:        E151
    name:      Gravedona
    latitude:  46.146041
    longitude: 9.305203
  City_gravellona_lomellina:
    Province:  ProvincePV
    id:        E152
    name:      'Gravellona Lomellina'
    latitude:  45.328778
    longitude: 8.765333
  City_gravellona_toce:
    Province:  ProvinceVB
    id:        E153
    name:      'Gravellona Toce'
    latitude:  45.931278
    longitude: 8.432352
  City_gravere:
    Province:  ProvinceTO
    id:        E154
    name:      Gravere
    latitude:  45.126742
    longitude: 7.019002
  City_gravina_in_puglia:
    Province:  ProvinceBA
    id:        E155
    name:      'Gravina in Puglia'
    latitude:  40.821178
    longitude: 16.419338
  City_gravina_di_catania:
    Province:  ProvinceCT
    id:        E156
    name:      'Gravina di Catania'
    latitude:  37.558354
    longitude: 15.051781
  City_grazzanise:
    Province:  ProvinceCE
    id:        E158
    name:      Grazzanise
    latitude:  41.090839
    longitude: 14.102802
  City_grazzano_badoglio:
    Province:  ProvinceAT
    id:        E159
    name:      'Grazzano Badoglio'
    latitude:  45.040435
    longitude: 8.312027
  City_greccio:
    Province:  ProvinceRI
    id:        E160
    name:      Greccio
    latitude:  42.443256
    longitude: 12.751912
  City_greci:
    Province:  ProvinceAV
    id:        E161
    name:      Greci
    latitude:  41.252815
    longitude: 15.17
  City_greggio:
    Province:  ProvinceVC
    id:        E163
    name:      Greggio
    latitude:  45.451741
    longitude: 8.384241
  City_gremiasco:
    Province:  ProvinceAL
    id:        E164
    name:      Gremiasco
    latitude:  44.796923
    longitude: 9.105945
  City_gressan:
    Province:  ProvinceAO
    id:        E165
    name:      Gressan
    latitude:  45.721741
    longitude: 7.288148
  City_gressoney_la_trinite:
    Province:  ProvinceAO
    id:        E167
    name:      Gressoney-la-Trinitè
    latitude:  45.826755
    longitude: 7.822881
  City_gressoney_saint_jean:
    Province:  ProvinceAO
    id:        E168
    name:      Gressoney-Saint-Jean
    latitude:  45.775952
    longitude: 7.827283
  City_greve_in_chianti:
    Province:  ProvinceFI
    id:        E169
    name:      'Greve in Chianti'
    latitude:  43.585097
    longitude: 11.315362
  City_grezzago:
    Province:  ProvinceMI
    id:        E170
    name:      Grezzago
    latitude:  45.590675
    longitude: 9.494187
  City_grezzana:
    Province:  ProvinceVR
    id:        E171
    name:      Grezzana
    latitude:  45.519811
    longitude: 11.017175
  City_griante:
    Province:  ProvinceCO
    id:        E172
    name:      Griante
    latitude:  45.994551
    longitude: 9.235051
  City_gricignano_di_aversa:
    Province:  ProvinceCE
    id:        E173
    name:      'Gricignano di Aversa'
    latitude:  40.981259
    longitude: 14.232056
  City_grignasco:
    Province:  ProvinceNO
    id:        E177
    name:      Grignasco
    latitude:  45.680796
    longitude: 8.344241
  City_grigno:
    Province:  ProvinceTN
    id:        E178
    name:      Grigno
    latitude:  46.016426
    longitude: 11.638121
  City_grimacco:
    Province:  ProvinceUD
    id:        E179
    name:      Grimacco
    latitude:  46.15654
    longitude: 13.593957
  City_grimaldi:
    Province:  ProvinceCS
    id:        E180
    name:      Grimaldi
    latitude:  39.143148
    longitude: 16.236574
  City_grinzane_cavour:
    Province:  ProvinceCN
    id:        E182
    name:      'Grinzane Cavour'
    latitude:  44.656631
    longitude: 7.981727
  City_grisignano_di_zocco:
    Province:  ProvinceVI
    id:        E184
    name:      'Grisignano di Zocco'
    latitude:  45.475944
    longitude: 11.699389
  City_grisolia:
    Province:  ProvinceCS
    id:        E185
    name:      Grisolia
    latitude:  39.724723
    longitude: 15.854447
  City_grizzana_morandi:
    Province:  ProvinceBO
    id:        E187
    name:      'Grizzana Morandi'
    latitude:  44.2579
    longitude: 11.152809
  City_grognardo:
    Province:  ProvinceAL
    id:        E188
    name:      Grognardo
    latitude:  44.631364
    longitude: 8.493459
  City_gromo:
    Province:  ProvinceBG
    id:        E189
    name:      Gromo
    latitude:  45.965018
    longitude: 9.92813
  City_grondona:
    Province:  ProvinceAL
    id:        E191
    name:      Grondona
    latitude:  44.697176
    longitude: 8.965968
  City_grone:
    Province:  ProvinceBG
    id:        E192
    name:      Grone
    latitude:  45.727816
    longitude: 9.909863
  City_grontardo:
    Province:  ProvinceCR
    id:        E193
    name:      Grontardo
    latitude:  45.202815
    longitude: 10.151889
  City_gropello_cairoli:
    Province:  ProvincePV
    id:        E195
    name:      'Gropello Cairoli'
    latitude:  45.179537
    longitude: 8.993926
  City_gropparello:
    Province:  ProvincePC
    id:        E196
    name:      Gropparello
    latitude:  44.835019
    longitude: 9.728759
  City_groscavallo:
    Province:  ProvinceTO
    id:        E199
    name:      Groscavallo
    latitude:  45.368384
    longitude: 7.25914
  City_grosio:
    Province:  ProvinceSO
    id:        E200
    name:      Grosio
    latitude:  46.296827
    longitude: 10.27292
  City_grosotto:
    Province:  ProvinceSO
    id:        E201
    name:      Grosotto
    latitude:  46.282664
    longitude: 10.258939
  City_grosseto:
    Province:  ProvinceGR
    id:        E202
    name:      Grosseto
    latitude:  42.76286
    longitude: 11.112783
  City_grosso:
    Province:  ProvinceTO
    id:        E203
    name:      Grosso
    latitude:  45.257518
    longitude: 7.558444
  City_grottaferrata:
    Province:  ProvinceRM
    id:        E204
    name:      Grottaferrata
    latitude:  41.788627
    longitude: 12.667701
  City_grottaglie:
    Province:  ProvinceTA
    id:        E205
    name:      Grottaglie
    latitude:  40.540333
    longitude: 17.434537
  City_grottaminarda:
    Province:  ProvinceAV
    id:        E206
    name:      Grottaminarda
    latitude:  41.070796
    longitude: 15.059852
  City_grottammare:
    Province:  ProvinceAP
    id:        E207
    name:      Grottammare
    latitude:  42.991294
    longitude: 13.867958
  City_grottazzolina:
    Province:  ProvinceAP
    id:        E208
    name:      Grottazzolina
    latitude:  43.115055
    longitude: 13.605995
  City_grotte:
    Province:  ProvinceAG
    id:        E209
    name:      Grotte
    latitude:  37.403065
    longitude: 13.70152
  City_grotte_di_castro:
    Province:  ProvinceVT
    id:        E210
    name:      'Grotte di Castro'
    latitude:  42.674852
    longitude: 11.869638
  City_grotteria:
    Province:  ProvinceRC
    id:        E212
    name:      Grotteria
    latitude:  38.366574
    longitude: 16.265796
  City_grottole:
    Province:  ProvinceMT
    id:        E213
    name:      Grottole
    latitude:  40.602073
    longitude: 16.380694
  City_grottolella:
    Province:  ProvinceAV
    id:        E214
    name:      Grottolella
    latitude:  40.973759
    longitude: 14.787981
  City_gruaro:
    Province:  ProvinceVE
    id:        E215
    name:      Gruaro
    latitude:  45.832667
    longitude: 12.846111
  City_grugliasco:
    Province:  ProvinceTO
    id:        E216
    name:      Grugliasco
    latitude:  45.062322
    longitude: 7.578284
  City_grumello_cremonese_ed_uniti:
    Province:  ProvinceCR
    id:        E217
    name:      'Grumello Cremonese ed Uniti'
    latitude:  45.194074
    longitude: 9.867056
  City_grumello_del_monte:
    Province:  ProvinceBG
    id:        E219
    name:      'Grumello del Monte'
    latitude:  45.63813
    longitude: 9.877815
  City_grumento_nova:
    Province:  ProvincePZ
    id:        E221
    name:      'Grumento Nova'
    latitude:  40.283926
    longitude: 15.889704
  City_grumes:
    Province:  ProvinceTN
    id:        E222
    name:      Grumes
    latitude:  46.221722
    longitude: 11.295315
  City_grumo_appula:
    Province:  ProvinceBA
    id:        E223
    name:      'Grumo Appula'
    latitude:  41.014537
    longitude: 16.709389
  City_grumo_nevano:
    Province:  ProvinceNA
    id:        E224
    name:      'Grumo Nevano'
    latitude:  40.937056
    longitude: 14.260796
  City_grumolo_delle_abbadesse:
    Province:  ProvinceVI
    id:        E226
    name:      'Grumolo delle Abbadesse'
    latitude:  45.520481
    longitude: 11.659389
  City_guagnano:
    Province:  ProvinceLE
    id:        E227
    name:      Guagnano
    latitude:  40.40237
    longitude: 17.949852
  City_gualdo:
    Province:  ProvinceMC
    id:        E228
    name:      Gualdo
    latitude:  43.066889
    longitude: 13.344222
  City_gualdo_cattaneo:
    Province:  ProvincePG
    id:        E229
    name:      'Gualdo Cattaneo'
    latitude:  42.910007
    longitude: 12.555714
  City_gualdo_tadino:
    Province:  ProvincePG
    id:        E230
    name:      'Gualdo Tadino'
    latitude:  43.230266
    longitude: 12.786088
  City_gualtieri:
    Province:  ProvinceRE
    id:        E232
    name:      Gualtieri
    latitude:  44.884512
    longitude: 10.582972
  City_gualtieri_sicamino:
    Province:  ProvinceME
    id:        E233
    name:      'Gualtieri Sicaminò'
    latitude:  38.163759
    longitude: 15.317815
  City_guamaggiore:
    Province:  ProvinceCA
    id:        E234
    name:      Guamaggiore
    latitude:  39.56987
    longitude: 9.075
  City_guanzate:
    Province:  ProvinceCO
    id:        E235
    name:      Guanzate
    latitude:  45.727526
    longitude: 9.021937
  City_guarcino:
    Province:  ProvinceFR
    id:        E236
    name:      Guarcino
    latitude:  41.8
    longitude: 13.314389
  City_guardabosone:
    Province:  ProvinceVC
    id:        E237
    name:      Guardabosone
    latitude:  45.702008
    longitude: 8.249332
  City_guardamiglio:
    Province:  ProvinceLO
    id:        E238
    name:      Guardamiglio
    latitude:  45.108611
    longitude: 9.682518
  City_guardavalle:
    Province:  ProvinceCZ
    id:        E239
    name:      Guardavalle
    latitude:  38.506111
    longitude: 16.504389
  City_guarda_veneta:
    Province:  ProvinceRO
    id:        E240
    name:      'Guarda Veneta'
    latitude:  44.981574
    longitude: 11.801407
  City_guardea:
    Province:  ProvinceTR
    id:        E241
    name:      Guardea
    latitude:  42.622934
    longitude: 12.298235
  City_guardia_piemontese:
    Province:  ProvinceCS
    id:        E242
    name:      'Guardia Piemontese'
    latitude:  39.466972
    longitude: 15.999616
  City_guardiagrele:
    Province:  ProvinceCH
    id:        E243
    name:      Guardiagrele
    latitude:  42.190515
    longitude: 14.222434
  City_guardialfiera:
    Province:  ProvinceCB
    id:        E244
    name:      Guardialfiera
    latitude:  41.803983
    longitude: 14.793676
  City_guardia_lombardi:
    Province:  ProvinceAV
    id:        E245
    name:      'Guardia Lombardi'
    latitude:  40.95487
    longitude: 15.20987
  City_guardia_perticara:
    Province:  ProvincePZ
    id:        E246
    name:      'Guardia Perticara'
    latitude:  40.358291
    longitude: 16.100402
  City_guardiaregia:
    Province:  ProvinceCB
    id:        E248
    name:      Guardiaregia
    latitude:  41.435509
    longitude: 14.542032
  City_guardia_sanframondi:
    Province:  ProvinceBN
    id:        E249
    name:      'Guardia Sanframondi'
    latitude:  41.255517
    longitude: 14.597709
  City_guardistallo:
    Province:  ProvincePI
    id:        E250
    name:      Guardistallo
    latitude:  43.313759
    longitude: 10.633778
  City_guarene:
    Province:  ProvinceCN
    id:        E251
    name:      Guarene
    latitude:  44.740747
    longitude: 8.034143
  City_guasila:
    Province:  ProvinceCA
    id:        E252
    name:      Guasila
    latitude:  39.562981
    longitude: 9.046407
  City_guastalla:
    Province:  ProvinceRE
    id:        E253
    name:      Guastalla
    latitude:  44.916202
    longitude: 10.653112
  City_guazzora:
    Province:  ProvinceAL
    id:        E255
    name:      Guazzora
    latitude:  45.014704
    longitude: 8.8525
  City_gubbio:
    Province:  ProvincePG
    id:        E256
    name:      Gubbio
    latitude:  43.355481
    longitude: 12.573444
  City_gudo_visconti:
    Province:  ProvinceMI
    id:        E258
    name:      'Gudo Visconti'
    latitude:  45.373841
    longitude: 9.001593
  City_guglionesi:
    Province:  ProvinceCB
    id:        E259
    name:      Guglionesi
    latitude:  41.911759
    longitude: 14.916678
  City_guidizzolo:
    Province:  ProvinceMN
    id:        E261
    name:      Guidizzolo
    latitude:  45.321741
    longitude: 10.581574
  City_guidonia_montecelio:
    Province:  ProvinceRM
    id:        E263
    name:      'Guidonia Montecelio'
    latitude:  41.999818
    longitude: 12.726297
  City_guiglia:
    Province:  ProvinceMO
    id:        E264
    name:      Guiglia
    latitude:  44.425
    longitude: 10.96313
  City_siziano:
    Province:  ProvincePV
    id:        E265
    name:      Siziano
    latitude:  45.315315
    longitude: 9.204222
  City_guilmi:
    Province:  ProvinceCH
    id:        E266
    name:      Guilmi
    latitude:  41.996958
    longitude: 14.476362
  City_gurro:
    Province:  ProvinceVB
    id:        E269
    name:      Gurro
    latitude:  46.086125
    longitude: 8.566597
  City_guspini:
    Province:  ProvinceVS
    id:        E270
    name:      Guspini
    latitude:  39.542518
    longitude: 8.634241
  City_gussago:
    Province:  ProvinceBS
    id:        E271
    name:      Gussago
    latitude:  45.592777
    longitude: 10.153851
  City_gussola:
    Province:  ProvinceCR
    id:        E272
    name:      Gussola
    latitude:  45.014074
    longitude: 10.347518
  City_hone:
    Province:  ProvinceAO
    id:        E273
    name:      Hone
    latitude:  45.613152
    longitude: 7.734022
  City_jacurso:
    Province:  ProvinceCZ
    id:        E274
    name:      Jacurso
    latitude:  38.847041
    longitude: 16.380875
