City:
  City_nago_torbole:
    Province:  ProvinceTN
    id:        F835
    name:      Nago-Torbole
    latitude:  45.873926
    longitude: 10.874556
  City_nalles:
    Province:  ProvinceBZ
    id:        F836
    name:      Nalles
    latitude:  46.543761
    longitude: 11.207699
  City_nanno:
    Province:  ProvinceTN
    id:        F837
    name:      Nanno
    latitude:  46.315234
    longitude: 11.048042
  City_nanto:
    Province:  ProvinceVI
    id:        F838
    name:      Nanto
    latitude:  45.43458
    longitude: 11.578029
  City_napoli:
    Province:  ProvinceNA
    id:        F839
    name:      Napoli
    latitude:  40.839997
    longitude: 14.252871
  City_narbolia:
    Province:  ProvinceOR
    id:        F840
    name:      Narbolia
    latitude:  40.051407
    longitude: 8.578611
  City_narcao:
    Province:  ProvinceCI
    id:        F841
    name:      Narcao
    latitude:  39.168759
    longitude: 8.675944
  City_nardo:
    Province:  ProvinceLE
    id:        F842
    name:      Nardò
    latitude:  40.17593
    longitude: 18.030423
  City_nardodipace:
    Province:  ProvinceVV
    id:        F843
    name:      Nardodipace
    latitude:  38.473463
    longitude: 16.343463
  City_narni:
    Province:  ProvinceTR
    id:        F844
    name:      Narni
    latitude:  42.516486
    longitude: 12.526623
  City_naro:
    Province:  ProvinceAG
    id:        F845
    name:      Naro
    latitude:  37.294756
    longitude: 13.795184
  City_narzole:
    Province:  ProvinceCN
    id:        F846
    name:      Narzole
    latitude:  44.596407
    longitude: 7.870944
  City_nasino:
    Province:  ProvinceSV
    id:        F847
    name:      Nasino
    latitude:  44.11466
    longitude: 8.03243
  City_naso:
    Province:  ProvinceME
    id:        F848
    name:      Naso
    latitude:  38.121799
    longitude: 14.790145
  City_naturno:
    Province:  ProvinceBZ
    id:        F849
    name:      Naturno
    latitude:  46.65205
    longitude: 10.993409
  City_nave:
    Province:  ProvinceBS
    id:        F851
    name:      Nave
    latitude:  45.585922
    longitude: 10.288236
  City_navelli:
    Province:  ProvinceAQ
    id:        F852
    name:      Navelli
    latitude:  42.237655
    longitude: 13.727806
  City_nave_san_rocco:
    Province:  ProvinceTN
    id:        F853
    name:      'Nave San Rocco'
    latitude:  46.166854
    longitude: 11.105946
  City_naz_sciaves:
    Province:  ProvinceBZ
    id:        F856
    name:      Naz-Sciaves
    latitude:  46.76987
    longitude: 11.666741
  City_nazzano:
    Province:  ProvinceRM
    id:        F857
    name:      Nazzano
    latitude:  42.232204
    longitude: 12.59737
  City_ne:
    Province:  ProvinceGE
    id:        F858
    name:      Ne
    latitude:  44.355524
    longitude: 9.390894
  City_nebbiuno:
    Province:  ProvinceNO
    id:        F859
    name:      Nebbiuno
    latitude:  45.804459
    longitude: 8.523446
  City_negrar:
    Province:  ProvinceVR
    id:        F861
    name:      Negrar
    latitude:  45.530625
    longitude: 10.938301
  City_neirone:
    Province:  ProvinceGE
    id:        F862
    name:      Neirone
    latitude:  44.454495
    longitude: 9.191036
  City_neive:
    Province:  ProvinceCN
    id:        F863
    name:      Neive
    latitude:  44.726438
    longitude: 8.115762
  City_nembro:
    Province:  ProvinceBG
    id:        F864
    name:      Nembro
    latitude:  45.743448
    longitude: 9.759367
  City_nemi:
    Province:  ProvinceRM
    id:        F865
    name:      Nemi
    latitude:  41.719675
    longitude: 12.714927
  City_nemoli:
    Province:  ProvincePZ
    id:        F866
    name:      Nemoli
    latitude:  40.0686
    longitude: 15.801284
  City_neoneli:
    Province:  ProvinceOR
    id:        F867
    name:      Neoneli
    latitude:  40.065963
    longitude: 8.947833
  City_nepi:
    Province:  ProvinceVT
    id:        F868
    name:      Nepi
    latitude:  42.243926
    longitude: 12.346574
  City_nereto:
    Province:  ProvinceTE
    id:        F870
    name:      Nereto
    latitude:  42.82
    longitude: 13.817055
  City_nerola:
    Province:  ProvinceRM
    id:        F871
    name:      Nerola
    latitude:  42.162008
    longitude: 12.786406
  City_nervesa_della_battaglia:
    Province:  ProvinceTV
    id:        F872
    name:      'Nervesa della Battaglia'
    latitude:  45.82313
    longitude: 12.205944
  City_nerviano:
    Province:  ProvinceMI
    id:        F874
    name:      Nerviano
    latitude:  45.555618
    longitude: 8.975658
  City_nespolo:
    Province:  ProvinceRI
    id:        F876
    name:      Nespolo
    latitude:  42.156922
    longitude: 13.068776
  City_nesso:
    Province:  ProvinceCO
    id:        F877
    name:      Nesso
    latitude:  45.913463
    longitude: 9.157815
  City_netro:
    Province:  ProvinceBI
    id:        F878
    name:      Netro
    latitude:  45.538284
    longitude: 7.946642
  City_nettuno:
    Province:  ProvinceRM
    id:        F880
    name:      Nettuno
    latitude:  41.457585
    longitude: 12.661075
  City_neviano:
    Province:  ProvinceLE
    id:        F881
    name:      Neviano
    latitude:  40.108759
    longitude: 18.114852
  City_neviano_degli_arduini:
    Province:  ProvincePR
    id:        F882
    name:      'Neviano degli Arduini'
    latitude:  44.583463
    longitude: 10.316722
  City_neviglie:
    Province:  ProvinceCN
    id:        F883
    name:      Neviglie
    latitude:  44.69223
    longitude: 8.117961
  City_niardo:
    Province:  ProvinceBS
    id:        F884
    name:      Niardo
    latitude:  45.977056
    longitude: 10.334389
  City_nibbiano:
    Province:  ProvincePC
    id:        F885
    name:      Nibbiano
    latitude:  44.906111
    longitude: 9.329389
  City_nibbiola:
    Province:  ProvinceNO
    id:        F886
    name:      Nibbiola
    latitude:  45.372674
    longitude: 8.65752
  City_nibionno:
    Province:  ProvinceLC
    id:        F887
    name:      Nibionno
    latitude:  45.746928
    longitude: 9.269768
  City_nichelino:
    Province:  ProvinceTO
    id:        F889
    name:      Nichelino
    latitude:  44.99506
    longitude: 7.647063
  City_nicolosi:
    Province:  ProvinceCT
    id:        F890
    name:      Nicolosi
    latitude:  37.614306
    longitude: 15.026392
  City_nicorvo:
    Province:  ProvincePV
    id:        F891
    name:      Nicorvo
    latitude:  45.285356
    longitude: 8.667792
  City_nicosia:
    Province:  ProvinceEN
    id:        F892
    name:      Nicosia
    latitude:  37.748611
    longitude: 14.39813
  City_nicotera:
    Province:  ProvinceVV
    id:        F893
    name:      Nicotera
    latitude:  38.55563
    longitude: 15.9375
  City_niella_belbo:
    Province:  ProvinceCN
    id:        F894
    name:      'Niella Belbo'
    latitude:  44.513759
    longitude: 8.080481
  City_niella_tanaro:
    Province:  ProvinceCN
    id:        F895
    name:      'Niella Tanaro'
    latitude:  44.413848
    longitude: 7.923515
  City_nimis:
    Province:  ProvinceUD
    id:        F898
    name:      Nimis
    latitude:  46.200315
    longitude: 13.271741
  City_niscemi:
    Province:  ProvinceCL
    id:        F899
    name:      Niscemi
    latitude:  37.148961
    longitude: 14.386462
  City_nissoria:
    Province:  ProvinceEN
    id:        F900
    name:      Nissoria
    latitude:  37.656259
    longitude: 14.448296
  City_nizza_di_sicilia:
    Province:  ProvinceME
    id:        F901
    name:      'Nizza di Sicilia'
    latitude:  37.996111
    longitude: 15.412833
  City_nizza_monferrato:
    Province:  ProvinceAT
    id:        F902
    name:      'Nizza Monferrato'
    latitude:  44.774852
    longitude: 8.355
  City_noale:
    Province:  ProvinceVE
    id:        F904
    name:      Noale
    latitude:  45.550481
    longitude: 12.072204
  City_noasca:
    Province:  ProvinceTO
    id:        F906
    name:      Noasca
    latitude:  45.454716
    longitude: 7.313391
  City_nocara:
    Province:  ProvinceCS
    id:        F907
    name:      Nocara
    latitude:  40.099634
    longitude: 16.483476
  City_nocciano:
    Province:  ProvincePE
    id:        F908
    name:      Nocciano
    latitude:  42.334074
    longitude: 13.985
  City_nocera_terinese:
    Province:  ProvinceCZ
    id:        F910
    name:      'Nocera Terinese'
    latitude:  39.036454
    longitude: 16.159632
  City_nocera_umbra:
    Province:  ProvincePG
    id:        F911
    name:      'Nocera Umbra'
    latitude:  43.113898
    longitude: 12.788436
  City_nocera_inferiore:
    Province:  ProvinceSA
    id:        F912
    name:      'Nocera Inferiore'
    latitude:  40.746094
    longitude: 14.642815
  City_nocera_superiore:
    Province:  ProvinceSA
    id:        F913
    name:      'Nocera Superiore'
    latitude:  40.74313
    longitude: 14.673926
  City_noceto:
    Province:  ProvincePR
    id:        F914
    name:      Noceto
    latitude:  44.812352
    longitude: 10.172352
  City_noci:
    Province:  ProvinceBA
    id:        F915
    name:      Noci
    latitude:  40.7953
    longitude: 17.124365
  City_nociglia:
    Province:  ProvinceLE
    id:        F916
    name:      Nociglia
    latitude:  40.040333
    longitude: 18.326889
  City_noepoli:
    Province:  ProvincePZ
    id:        F917
    name:      Noepoli
    latitude:  40.087815
    longitude: 16.330648
  City_nogara:
    Province:  ProvinceVR
    id:        F918
    name:      Nogara
    latitude:  45.174074
    longitude: 11.066889
  City_nogaredo:
    Province:  ProvinceTN
    id:        F920
    name:      Nogaredo
    latitude:  45.913698
    longitude: 11.024391
  City_nogarole_rocca:
    Province:  ProvinceVR
    id:        F921
    name:      'Nogarole Rocca'
    latitude:  45.292815
    longitude: 10.884852
  City_nogarole_vicentino:
    Province:  ProvinceVI
    id:        F922
    name:      'Nogarole Vicentino'
    latitude:  45.561104
    longitude: 11.289754
  City_noicattaro:
    Province:  ProvinceBA
    id:        F923
    name:      Noicattaro
    latitude:  41.034852
    longitude: 16.990481
  City_nola:
    Province:  ProvinceNA
    id:        F924
    name:      Nola
    latitude:  40.925877
    longitude: 14.528564
  City_nole:
    Province:  ProvinceTO
    id:        F925
    name:      Nole
    latitude:  45.24237
    longitude: 7.574222
  City_noli:
    Province:  ProvinceSV
    id:        F926
    name:      Noli
    latitude:  44.205658
    longitude: 8.416341
  City_nomaglio:
    Province:  ProvinceTO
    id:        F927
    name:      Nomaglio
    latitude:  45.536042
    longitude: 7.860293
  City_nomi:
    Province:  ProvinceTN
    id:        F929
    name:      Nomi
    latitude:  45.929537
    longitude: 11.072981
  City_nonantola:
    Province:  ProvinceMO
    id:        F930
    name:      Nonantola
    latitude:  44.6766
    longitude: 11.035551
  City_none:
    Province:  ProvinceTO
    id:        F931
    name:      None
    latitude:  44.934241
    longitude: 7.541259
  City_nonio:
    Province:  ProvinceVB
    id:        F932
    name:      Nonio
    latitude:  45.846722
    longitude: 8.378778
  City_noragugume:
    Province:  ProvinceNU
    id:        F933
    name:      Noragugume
    latitude:  40.224984
    longitude: 8.919367
  City_norbello:
    Province:  ProvinceOR
    id:        F934
    name:      Norbello
    latitude:  40.135963
    longitude: 8.833148
  City_norcia:
    Province:  ProvincePG
    id:        F935
    name:      Norcia
    latitude:  42.794241
    longitude: 13.096426
  City_norma:
    Province:  ProvinceLT
    id:        F937
    name:      Norma
    latitude:  41.589074
    longitude: 12.970315
  City_nosate:
    Province:  ProvinceMI
    id:        F939
    name:      Nosate
    latitude:  45.552388
    longitude: 8.725367
  City_ponte_nossa:
    Province:  ProvinceBG
    id:        F941
    name:      'Ponte Nossa'
    latitude:  45.866847
    longitude: 9.883967
  City_notaresco:
    Province:  ProvinceTE
    id:        F942
    name:      Notaresco
    latitude:  42.6593
    longitude: 13.89261
  City_noto:
    Province:  ProvinceSR
    id:        F943
    name:      Noto
    latitude:  36.891792
    longitude: 15.07089
  City_nova_milanese:
    Province:  ProvinceMI
    id:        F944
    name:      'Nova Milanese'
    latitude:  45.589241
    longitude: 9.20035
  City_novaledo:
    Province:  ProvinceTN
    id:        F947
    name:      Novaledo
    latitude:  46.022981
    longitude: 11.366889
  City_novalesa:
    Province:  ProvinceTO
    id:        F948
    name:      Novalesa
    latitude:  45.191169
    longitude: 7.014799
  City_nova_levante:
    Province:  ProvinceBZ
    id:        F949
    name:      'Nova Levante'
    latitude:  46.427989
    longitude: 11.541081
  City_nova_ponente:
    Province:  ProvinceBZ
    id:        F950
    name:      'Nova Ponente'
    latitude:  46.413734
    longitude: 11.429375
  City_novara_di_sicilia:
    Province:  ProvinceME
    id:        F951
    name:      'Novara di Sicilia'
    latitude:  38.014946
    longitude: 15.129063
  City_novara:
    Province:  ProvinceNO
    id:        F952
    name:      Novara
    latitude:  45.445084
    longitude: 8.618671
  City_novate_milanese:
    Province:  ProvinceMI
    id:        F955
    name:      'Novate Milanese'
    latitude:  45.531764
    longitude: 9.140781
  City_novate_mezzola:
    Province:  ProvinceSO
    id:        F956
    name:      'Novate Mezzola'
    latitude:  46.2225
    longitude: 9.450944
  City_nove:
    Province:  ProvinceVI
    id:        F957
    name:      Nove
    latitude:  45.72313
    longitude: 11.678759
  City_novedrate:
    Province:  ProvinceCO
    id:        F958
    name:      Novedrate
    latitude:  45.699074
    longitude: 9.121889
  City_novellara:
    Province:  ProvinceRE
    id:        F960
    name:      Novellara
    latitude:  44.843907
    longitude: 10.728611
  City_novello:
    Province:  ProvinceCN
    id:        F961
    name:      Novello
    latitude:  44.588771
    longitude: 7.927458
  City_noventa_padovana:
    Province:  ProvincePD
    id:        F962
    name:      'Noventa Padovana'
    latitude:  45.415333
    longitude: 11.952037
  City_noventa_di_piave:
    Province:  ProvinceVE
    id:        F963
    name:      'Noventa di Piave'
    latitude:  45.660796
    longitude: 12.534704
  City_noventa_vicentina:
    Province:  ProvinceVI
    id:        F964
    name:      'Noventa Vicentina'
    latitude:  45.290568
    longitude: 11.540067
  City_novi_ligure:
    Province:  ProvinceAL
    id:        F965
    name:      'Novi Ligure'
    latitude:  44.761796
    longitude: 8.786101
  City_novi_di_modena:
    Province:  ProvinceMO
    id:        F966
    name:      'Novi di Modena'
    latitude:  44.891407
    longitude: 10.902518
  City_novi_velia:
    Province:  ProvinceSA
    id:        F967
    name:      'Novi Velia'
    latitude:  40.224973
    longitude: 15.287512
  City_noviglio:
    Province:  ProvinceMI
    id:        F968
    name:      Noviglio
    latitude:  45.358287
    longitude: 9.053373
  City_novoli:
    Province:  ProvinceLE
    id:        F970
    name:      Novoli
    latitude:  40.379537
    longitude: 18.05
  City_nucetto:
    Province:  ProvinceCN
    id:        F972
    name:      Nucetto
    latitude:  44.341921
    longitude: 8.060966
  City_nughedu_santa_vittoria:
    Province:  ProvinceOR
    id:        F974
    name:      'Nughedu Santa Vittoria'
    latitude:  40.102352
    longitude: 8.954241
  City_nughedu_san_nicolo:
    Province:  ProvinceSS
    id:        F975
    name:      'Nughedu San Nicolò'
    latitude:  40.558496
    longitude: 9.022198
  City_nule:
    Province:  ProvinceSS
    id:        F976
    name:      Nule
    latitude:  40.462667
    longitude: 9.190963
  City_nulvi:
    Province:  ProvinceSS
    id:        F977
    name:      Nulvi
    latitude:  40.784852
    longitude: 8.74487
  City_numana:
    Province:  ProvinceAN
    id:        F978
    name:      Numana
    latitude:  43.511269
    longitude: 13.621412
  City_nuoro:
    Province:  ProvinceNU
    id:        F979
    name:      Nuoro
    latitude:  40.321005
    longitude: 9.330436
  City_nurachi:
    Province:  ProvinceOR
    id:        F980
    name:      Nurachi
    latitude:  39.973188
    longitude: 8.539866
  City_nuragus:
    Province:  ProvinceCA
    id:        F981
    name:      Nuragus
    latitude:  39.777352
    longitude: 9.039241
  City_nurallao:
    Province:  ProvinceCA
    id:        F982
    name:      Nurallao
    latitude:  39.794907
    longitude: 9.082139
  City_nuraminis:
    Province:  ProvinceCA
    id:        F983
    name:      Nuraminis
    latitude:  39.444074
    longitude: 9.015796
  City_nureci:
    Province:  ProvinceOR
    id:        F985
    name:      Nureci
    latitude:  39.824555
    longitude: 8.974852
  City_nurri:
    Province:  ProvinceCA
    id:        F986
    name:      Nurri
    latitude:  39.71313
    longitude: 9.230963
  City_nus:
    Province:  ProvinceAO
    id:        F987
    name:      Nus
    latitude:  45.741259
    longitude: 7.467833
  City_nusco:
    Province:  ProvinceAV
    id:        F988
    name:      Nusco
    latitude:  40.887283
    longitude: 15.084865
  City_nuvolento:
    Province:  ProvinceBS
    id:        F989
    name:      Nuvolento
    latitude:  45.546722
    longitude: 10.387815
  City_nuvolera:
    Province:  ProvinceBS
    id:        F990
    name:      Nuvolera
    latitude:  45.53313
    longitude: 10.370333
  City_nuxis:
    Province:  ProvinceCI
    id:        F991
    name:      Nuxis
    latitude:  39.154074
    longitude: 8.739241
