City:
  City_fabbrica_curone:
    Province:  ProvinceAL
    id:        D447
    name:      'Fabbrica Curone'
    latitude:  44.784885
    longitude: 9.147591
  City_fabbriche_di_vallico:
    Province:  ProvinceLU
    id:        D449
    name:      'Fabbriche di Vallico'
    latitude:  43.997186
    longitude: 10.428536
  City_fabbrico:
    Province:  ProvinceRE
    id:        D450
    name:      Fabbrico
    latitude:  44.870481
    longitude: 10.812667
  City_fabriano:
    Province:  ProvinceAN
    id:        D451
    name:      Fabriano
    latitude:  43.336136
    longitude: 12.904696
  City_fabrica_di_roma:
    Province:  ProvinceVT
    id:        D452
    name:      'Fabrica di Roma'
    latitude:  42.33378
    longitude: 12.299857
  City_fabrizia:
    Province:  ProvinceVV
    id:        D453
    name:      Fabrizia
    latitude:  38.485051
    longitude: 16.300033
  City_fabro:
    Province:  ProvinceTR
    id:        D454
    name:      Fabro
    latitude:  42.872293
    longitude: 12.015059
  City_faedis:
    Province:  ProvinceUD
    id:        D455
    name:      Faedis
    latitude:  46.152939
    longitude: 13.346416
  City_faedo_valtellino:
    Province:  ProvinceSO
    id:        D456
    name:      'Faedo Valtellino'
    latitude:  46.153241
    longitude: 9.908358
  City_faedo:
    Province:  ProvinceTN
    id:        D457
    name:      Faedo
    latitude:  46.192279
    longitude: 11.161884
  City_faenza:
    Province:  ProvinceRA
    id:        D458
    name:      Faenza
    latitude:  44.286181
    longitude: 11.883516
  City_faeto:
    Province:  ProvinceFG
    id:        D459
    name:      Faeto
    latitude:  41.326314
    longitude: 15.160273
  City_fagagna:
    Province:  ProvinceUD
    id:        D461
    name:      Fagagna
    latitude:  46.113808
    longitude: 13.092082
  City_faggeto_lario:
    Province:  ProvinceCO
    id:        D462
    name:      'Faggeto Lario'
    latitude:  45.85987
    longitude: 9.16
  City_faggiano:
    Province:  ProvinceTA
    id:        D463
    name:      Faggiano
    latitude:  40.420963
    longitude: 17.387518
  City_fagnano_castello:
    Province:  ProvinceCS
    id:        D464
    name:      'Fagnano Castello'
    latitude:  39.565996
    longitude: 16.054284
  City_fagnano_alto:
    Province:  ProvinceAQ
    id:        D465
    name:      'Fagnano Alto'
    latitude:  42.254054
    longitude: 13.574951
  City_fagnano_olona:
    Province:  ProvinceVA
    id:        D467
    name:      'Fagnano Olona'
    latitude:  45.668854
    longitude: 8.874019
  City_fai_della_paganella:
    Province:  ProvinceTN
    id:        D468
    name:      'Fai della Paganella'
    latitude:  46.175335
    longitude: 11.06854
  City_faicchio:
    Province:  ProvinceBN
    id:        D469
    name:      Faicchio
    latitude:  41.27867
    longitude: 14.479358
  City_falcade:
    Province:  ProvinceBL
    id:        D470
    name:      Falcade
    latitude:  46.35398
    longitude: 11.864217
  City_falciano_del_massico:
    Province:  ProvinceCE
    id:        D471
    name:      'Falciano del Massico'
    latitude:  41.163759
    longitude: 13.949074
  City_falconara_marittima:
    Province:  ProvinceAN
    id:        D472
    name:      'Falconara Marittima'
    latitude:  43.629627
    longitude: 13.396909
  City_falconara_albanese:
    Province:  ProvinceCS
    id:        D473
    name:      'Falconara Albanese'
    latitude:  39.277026
    longitude: 16.092633
  City_falcone:
    Province:  ProvinceME
    id:        D474
    name:      Falcone
    latitude:  38.11813
    longitude: 15.080018
  City_faleria:
    Province:  ProvinceVT
    id:        D475
    name:      Faleria
    latitude:  42.2275
    longitude: 12.446426
  City_falerna:
    Province:  ProvinceCZ
    id:        D476
    name:      Falerna
    latitude:  39.003408
    longitude: 16.171956
  City_falerone:
    Province:  ProvinceAP
    id:        D477
    name:      Falerone
    latitude:  43.105462
    longitude: 13.470247
  City_fallo:
    Province:  ProvinceCH
    id:        D480
    name:      Fallo
    latitude:  41.938788
    longitude: 14.324742
  City_falmenta:
    Province:  ProvinceVB
    id:        D481
    name:      Falmenta
    latitude:  46.072194
    longitude: 8.590983
  City_faloppio:
    Province:  ProvinceCO
    id:        D482
    name:      Faloppio
    latitude:  45.81063
    longitude: 8.965481
  City_falvaterra:
    Province:  ProvinceFR
    id:        D483
    name:      Falvaterra
    latitude:  41.504914
    longitude: 13.523925
  City_falzes:
    Province:  ProvinceBZ
    id:        D484
    name:      Falzes
    latitude:  46.808249
    longitude: 11.880004
  City_fanano:
    Province:  ProvinceMO
    id:        D486
    name:      Fanano
    latitude:  44.208409
    longitude: 10.793826
  City_fanna:
    Province:  ProvincePN
    id:        D487
    name:      Fanna
    latitude:  46.185481
    longitude: 12.750963
  City_fano:
    Province:  ProvincePU
    id:        D488
    name:      Fano
    latitude:  43.844868
    longitude: 13.016882
  City_fano_adriano:
    Province:  ProvinceTE
    id:        D489
    name:      'Fano Adriano'
    latitude:  42.553188
    longitude: 13.536315
  City_fara_gera_d_adda:
    Province:  ProvinceBG
    id:        D490
    name:      'Fara Gera D''Adda'
    latitude:  45.556741
    longitude: 9.538907
  City_fara_olivana_con_sola:
    Province:  ProvinceBG
    id:        D491
    name:      'Fara Olivana con Sola'
    latitude:  45.494262
    longitude: 9.748117
  City_fara_novarese:
    Province:  ProvinceNO
    id:        D492
    name:      'Fara Novarese'
    latitude:  45.552833
    longitude: 8.45987
  City_fara_in_sabina:
    Province:  ProvinceRI
    id:        D493
    name:      'Fara in Sabina'
    latitude:  42.207506
    longitude: 12.729794
  City_fara_filiorum_petri:
    Province:  ProvinceCH
    id:        D494
    name:      'Fara Filiorum Petri'
    latitude:  42.249925
    longitude: 14.186034
  City_fara_san_martino:
    Province:  ProvinceCH
    id:        D495
    name:      'Fara San Martino'
    latitude:  42.091048
    longitude: 14.203968
  City_fara_vicentino:
    Province:  ProvinceVI
    id:        D496
    name:      'Fara Vicentino'
    latitude:  45.740335
    longitude: 11.547658
  City_fardella:
    Province:  ProvincePZ
    id:        D497
    name:      Fardella
    latitude:  40.114754
    longitude: 16.170206
  City_farigliano:
    Province:  ProvinceCN
    id:        D499
    name:      Farigliano
    latitude:  44.511239
    longitude: 7.916219
  City_farindola:
    Province:  ProvincePE
    id:        D501
    name:      Farindola
    latitude:  42.442291
    longitude: 13.823111
  City_farini_d_olmo:
    Province:  ProvincePC
    id:        D502
    name:      'Farini d''Olmo'
    latitude:  44.713751
    longitude: 9.569853
  City_farnese:
    Province:  ProvinceVT
    id:        D503
    name:      Farnese
    latitude:  42.550481
    longitude: 11.726741
  City_farra_d_isonzo:
    Province:  ProvinceGO
    id:        D504
    name:      'Farra D''Isonzo'
    latitude:  45.908907
    longitude: 13.5175
  City_farra_di_soligo:
    Province:  ProvinceTV
    id:        D505
    name:      'Farra di Soligo'
    latitude:  45.896331
    longitude: 12.094193
  City_farra_d_alpago:
    Province:  ProvinceBL
    id:        D506
    name:      'Farra D''Alpago'
    latitude:  46.121036
    longitude: 12.35867
  City_fasano:
    Province:  ProvinceBR
    id:        D508
    name:      Fasano
    latitude:  40.835386
    longitude: 17.359218
  City_fascia:
    Province:  ProvinceGE
    id:        D509
    name:      Fascia
    latitude:  44.582888
    longitude: 9.221536
  City_fauglia:
    Province:  ProvincePI
    id:        D510
    name:      Fauglia
    latitude:  43.570469
    longitude: 10.513954
  City_faule:
    Province:  ProvinceCN
    id:        D511
    name:      Faule
    latitude:  44.807009
    longitude: 7.582348
  City_favale_di_malvaro:
    Province:  ProvinceGE
    id:        D512
    name:      'Favale di Malvaro'
    latitude:  44.453296
    longitude: 9.26
  City_valsinni:
    Province:  ProvinceMT
    id:        D513
    name:      Valsinni
    latitude:  40.170944
    longitude: 16.444389
  City_favara:
    Province:  ProvinceAG
    id:        D514
    name:      Favara
    latitude:  37.318916
    longitude: 13.66314
  City_faver:
    Province:  ProvinceTN
    id:        D516
    name:      Faver
    latitude:  46.18237
    longitude: 11.238463
  City_favignana:
    Province:  ProvinceTP
    id:        D518
    name:      Favignana
    latitude:  37.931278
    longitude: 12.329556
  City_favria:
    Province:  ProvinceTO
    id:        D520
    name:      Favria
    latitude:  45.332204
    longitude: 7.691722
  City_orco_feglino:
    Province:  ProvinceSV
    id:        D522
    name:      'Orco Feglino'
    latitude:  44.221259
    longitude: 8.32563
  City_feisoglio:
    Province:  ProvinceCN
    id:        D523
    name:      Feisoglio
    latitude:  44.54487
    longitude: 8.106111
  City_feletto:
    Province:  ProvinceTO
    id:        D524
    name:      Feletto
    latitude:  45.304852
    longitude: 7.745963
  City_felino:
    Province:  ProvincePR
    id:        D526
    name:      Felino
    latitude:  44.695901
    longitude: 10.241204
  City_felitto:
    Province:  ProvinceSA
    id:        D527
    name:      Felitto
    latitude:  40.37458
    longitude: 15.240759
  City_felizzano:
    Province:  ProvinceAL
    id:        D528
    name:      Felizzano
    latitude:  44.900315
    longitude: 8.437056
  City_felonica:
    Province:  ProvinceMN
    id:        D529
    name:      Felonica
    latitude:  44.980018
    longitude: 11.35487
  City_feltre:
    Province:  ProvinceBL
    id:        D530
    name:      Feltre
    latitude:  46.016524
    longitude: 11.905727
  City_fenegro:
    Province:  ProvinceCO
    id:        D531
    name:      Fenegrò
    latitude:  45.7025
    longitude: 9.000796
  City_fenestrelle:
    Province:  ProvinceTO
    id:        D532
    name:      Fenestrelle
    latitude:  45.034483
    longitude: 7.05223
  City_fenis:
    Province:  ProvinceAO
    id:        D537
    name:      Fenis
    latitude:  45.734556
    longitude: 7.498926
  City_ferentillo:
    Province:  ProvinceTR
    id:        D538
    name:      Ferentillo
    latitude:  42.620554
    longitude: 12.787093
  City_ferentino:
    Province:  ProvinceFR
    id:        D539
    name:      Ferentino
    latitude:  41.692712
    longitude: 13.253358
  City_ferla:
    Province:  ProvinceSR
    id:        D540
    name:      Ferla
    latitude:  37.119767
    longitude: 14.939806
  City_fermignano:
    Province:  ProvincePU
    id:        D541
    name:      Fermignano
    latitude:  43.685019
    longitude: 12.645
  City_fermo:
    Province:  ProvinceAP
    id:        D542
    name:      Fermo
    latitude:  43.16563
    longitude: 13.724222
  City_ferno:
    Province:  ProvinceVA
    id:        D543
    name:      Ferno
    latitude:  45.617204
    longitude: 8.75563
  City_feroleto_antico:
    Province:  ProvinceCZ
    id:        D544
    name:      'Feroleto Antico'
    latitude:  38.962541
    longitude: 16.388356
  City_feroleto_della_chiesa:
    Province:  ProvinceRC
    id:        D545
    name:      'Feroleto della Chiesa'
    latitude:  38.465732
    longitude: 16.064704
  City_pianopoli:
    Province:  ProvinceCZ
    id:        D546
    name:      Pianopoli
    latitude:  38.955333
    longitude: 16.389222
  City_ferrandina:
    Province:  ProvinceMT
    id:        D547
    name:      Ferrandina
    latitude:  40.50237
    longitude: 16.455648
  City_ferrara:
    Province:  ProvinceFE
    id:        D548
    name:      Ferrara
    latitude:  44.837894
    longitude: 11.62044
  City_ferrara_di_monte_baldo:
    Province:  ProvinceVR
    id:        D549
    name:      'Ferrara di Monte Baldo'
    latitude:  45.673944
    longitude: 10.860991
  City_ferrazzano:
    Province:  ProvinceCB
    id:        D550
    name:      Ferrazzano
    latitude:  41.530179
    longitude: 14.67165
  City_ferrera_di_varese:
    Province:  ProvinceVA
    id:        D551
    name:      'Ferrera di Varese'
    latitude:  45.933759
    longitude: 8.790333
  City_ferrera_erbognone:
    Province:  ProvincePV
    id:        D552
    name:      'Ferrera Erbognone'
    latitude:  45.113949
    longitude: 8.864587
  City_moncenisio:
    Province:  ProvinceTO
    id:        D553
    name:      Moncenisio
    latitude:  45.203279
    longitude: 6.984269
  City_ferrere:
    Province:  ProvinceAT
    id:        D554
    name:      Ferrere
    latitude:  44.878331
    longitude: 7.994241
  City_ferriere:
    Province:  ProvincePC
    id:        D555
    name:      Ferriere
    latitude:  44.644852
    longitude: 9.497667
  City_ferruzzano:
    Province:  ProvinceRC
    id:        D557
    name:      Ferruzzano
    latitude:  38.038714
    longitude: 16.087449
  City_fraconalto:
    Province:  ProvinceAL
    id:        D559
    name:      Fraconalto
    latitude:  44.591876
    longitude: 8.877872
  City_fiamignano:
    Province:  ProvinceRI
    id:        D560
    name:      Fiamignano
    latitude:  42.264817
    longitude: 13.125503
  City_fiano_romano:
    Province:  ProvinceRM
    id:        D561
    name:      'Fiano Romano'
    latitude:  42.17041
    longitude: 12.590391
  City_fiano:
    Province:  ProvinceTO
    id:        D562
    name:      Fiano
    latitude:  45.217815
    longitude: 7.523926
  City_fiastra:
    Province:  ProvinceMC
    id:        D564
    name:      Fiastra
    latitude:  43.035724
    longitude: 13.155867
  City_fiave:
    Province:  ProvinceTN
    id:        D565
    name:      Fiavè
    latitude:  46.004537
    longitude: 10.844074
  City_poggio_san_vicino:
    Province:  ProvinceMC
    id:        D566
    name:      'Poggio San Vicino'
    latitude:  43.37634
    longitude: 13.078845
  City_ficarazzi:
    Province:  ProvincePA
    id:        D567
    name:      Ficarazzi
    latitude:  38.089316
    longitude: 13.468775
  City_ficarolo:
    Province:  ProvinceRO
    id:        D568
    name:      Ficarolo
    latitude:  44.955315
    longitude: 11.435963
  City_ficarra:
    Province:  ProvinceME
    id:        D569
    name:      Ficarra
    latitude:  38.109061
    longitude: 14.828948
  City_ficulle:
    Province:  ProvinceTR
    id:        D570
    name:      Ficulle
    latitude:  42.83362
    longitude: 12.067156
  City_fie_allo_sciliar:
    Province:  ProvinceBZ
    id:        D571
    name:      'Fiè allo Sciliar'
    latitude:  46.516372
    longitude: 11.504511
  City_fiera_di_primiero:
    Province:  ProvinceTN
    id:        D572
    name:      'Fiera di Primiero'
    latitude:  46.177204
    longitude: 11.829852
  City_fierozzo:
    Province:  ProvinceTN
    id:        D573
    name:      Fierozzo
    latitude:  46.11237
    longitude: 11.319537
  City_fiesco:
    Province:  ProvinceCR
    id:        D574
    name:      Fiesco
    latitude:  45.338463
    longitude: 9.778907
  City_fiesole:
    Province:  ProvinceFI
    id:        D575
    name:      Fiesole
    latitude:  43.806933
    longitude: 11.292766
  City_fiesse:
    Province:  ProvinceBS
    id:        D576
    name:      Fiesse
    latitude:  45.232516
    longitude: 10.325395
  City_fiesso_umbertiano:
    Province:  ProvinceRO
    id:        D577
    name:      'Fiesso Umbertiano'
    latitude:  44.963611
    longitude: 11.606407
  City_fiesso_d_artico:
    Province:  ProvinceVE
    id:        D578
    name:      'Fiesso D''Artico'
    latitude:  45.4175
    longitude: 12.034704
  City_figino_serenza:
    Province:  ProvinceCO
    id:        D579
    name:      'Figino Serenza'
    latitude:  45.711407
    longitude: 9.13237
  City_figline_vegliaturo:
    Province:  ProvinceCS
    id:        D582
    name:      'Figline Vegliaturo'
    latitude:  39.226312
    longitude: 16.33029
  City_figline_valdarno:
    Province:  ProvinceFI
    id:        D583
    name:      'Figline Valdarno'
    latitude:  43.620648
    longitude: 11.470315
  City_gonnosno:
    Province:  ProvinceOR
    id:        D585
    name:      Gonnosnò
    latitude:  39.761111
    longitude: 8.872981
  City_filacciano:
    Province:  ProvinceRM
    id:        D586
    name:      Filacciano
    latitude:  42.255328
    longitude: 12.598897
  City_filadelfia:
    Province:  ProvinceVV
    id:        D587
    name:      Filadelfia
    latitude:  38.783628
    longitude: 16.291005
  City_filago:
    Province:  ProvinceBG
    id:        D588
    name:      Filago
    latitude:  45.638611
    longitude: 9.557518
  City_filandari:
    Province:  ProvinceVV
    id:        D589
    name:      Filandari
    latitude:  38.61585
    longitude: 16.032371
  City_filattiera:
    Province:  ProvinceMS
    id:        D590
    name:      Filattiera
    latitude:  44.331111
    longitude: 9.934241
  City_filettino:
    Province:  ProvinceFR
    id:        D591
    name:      Filettino
    latitude:  41.89054
    longitude: 13.324463
  City_filetto:
    Province:  ProvinceCH
    id:        D592
    name:      Filetto
    latitude:  42.229222
    longitude: 14.246111
  City_filiano:
    Province:  ProvincePZ
    id:        D593
    name:      Filiano
    latitude:  40.81152
    longitude: 15.706719
  City_filighera:
    Province:  ProvincePV
    id:        D594
    name:      Filighera
    latitude:  45.17772
    longitude: 9.316771
  City_filignano:
    Province:  ProvinceIS
    id:        D595
    name:      Filignano
    latitude:  41.545944
    longitude: 14.05737
  City_filogaso:
    Province:  ProvinceVV
    id:        D596
    name:      Filogaso
    latitude:  38.681223
    longitude: 16.228634
  City_filottrano:
    Province:  ProvinceAN
    id:        D597
    name:      Filottrano
    latitude:  43.437667
    longitude: 13.355481
  City_finale_emilia:
    Province:  ProvinceMO
    id:        D599
    name:      'Finale Emilia'
    latitude:  44.835648
    longitude: 11.295019
  City_finale_ligure:
    Province:  ProvinceSV
    id:        D600
    name:      'Finale Ligure'
    latitude:  44.169985
    longitude: 8.345165
  City_fino_del_monte:
    Province:  ProvinceBG
    id:        D604
    name:      'Fino del Monte'
    latitude:  45.893778
    longitude: 9.995167
  City_fino_mornasco:
    Province:  ProvinceCO
    id:        D605
    name:      'Fino Mornasco'
    latitude:  45.743926
    longitude: 9.048759
  City_fiorano_al_serio:
    Province:  ProvinceBG
    id:        D606
    name:      'Fiorano al Serio'
    latitude:  45.801278
    longitude: 9.843926
  City_fiorano_modenese:
    Province:  ProvinceMO
    id:        D607
    name:      'Fiorano Modenese'
    latitude:  44.537056
    longitude: 10.822815
  City_fiorano_canavese:
    Province:  ProvinceTO
    id:        D608
    name:      'Fiorano Canavese'
    latitude:  45.468759
    longitude: 7.834852
  City_fiordimonte:
    Province:  ProvinceMC
    id:        D609
    name:      Fiordimonte
    latitude:  43.03737
    longitude: 13.087981
  City_fiorenzuola_d_arda:
    Province:  ProvincePC
    id:        D611
    name:      'Fiorenzuola D''Arda'
    latitude:  44.927187
    longitude: 9.910787
  City_firenze:
    Province:  ProvinceFI
    id:        D612
    name:      Firenze
    latitude:  43.768732
    longitude: 11.256901
  City_firenzuola:
    Province:  ProvinceFI
    id:        D613
    name:      Firenzuola
    latitude:  44.120652
    longitude: 11.380276
  City_firmo:
    Province:  ProvinceCS
    id:        D614
    name:      Firmo
    latitude:  39.722518
    longitude: 16.171111
  City_fisciano:
    Province:  ProvinceSA
    id:        D615
    name:      Fisciano
    latitude:  40.772959
    longitude: 14.797945
  City_fiumalbo:
    Province:  ProvinceMO
    id:        D617
    name:      Fiumalbo
    latitude:  44.180333
    longitude: 10.648296
  City_fiumara:
    Province:  ProvinceRC
    id:        D619
    name:      Fiumara
    latitude:  38.213759
    longitude: 15.694537
  City_fiume_veneto:
    Province:  ProvincePN
    id:        D621
    name:      'Fiume Veneto'
    latitude:  45.925
    longitude: 12.732352
  City_fiumedinisi:
    Province:  ProvinceME
    id:        D622
    name:      Fiumedinisi
    latitude:  38.025838
    longitude: 15.380027
  City_fiumefreddo_di_sicilia:
    Province:  ProvinceCT
    id:        D623
    name:      'Fiumefreddo di Sicilia'
    latitude:  37.795071
    longitude: 15.210286
  City_fiumefreddo_bruzio:
    Province:  ProvinceCS
    id:        D624
    name:      'Fiumefreddo Bruzio'
    latitude:  39.235481
    longitude: 16.070481
  City_fiumicello:
    Province:  ProvinceUD
    id:        D627
    name:      Fiumicello
    latitude:  45.792981
    longitude: 13.41063
  City_fiuminata:
    Province:  ProvinceMC
    id:        D628
    name:      Fiuminata
    latitude:  43.188202
    longitude: 12.931881
  City_fivizzano:
    Province:  ProvinceMS
    id:        D629
    name:      Fivizzano
    latitude:  44.239389
    longitude: 10.127037
  City_flaibano:
    Province:  ProvinceUD
    id:        D630
    name:      Flaibano
    latitude:  46.059704
    longitude: 12.985333
  City_flavon:
    Province:  ProvinceTN
    id:        D631
    name:      Flavon
    latitude:  46.300336
    longitude: 11.029912
  City_flero:
    Province:  ProvinceBS
    id:        D634
    name:      Flero
    latitude:  45.483611
    longitude: 10.174537
  City_floresta:
    Province:  ProvinceME
    id:        D635
    name:      Floresta
    latitude:  37.987117
    longitude: 14.908159
  City_floridia:
    Province:  ProvinceSR
    id:        D636
    name:      Floridia
    latitude:  37.089456
    longitude: 15.159168
  City_florinas:
    Province:  ProvinceSS
    id:        D637
    name:      Florinas
    latitude:  40.65063
    longitude: 8.666278
  City_flumeri:
    Province:  ProvinceAV
    id:        D638
    name:      Flumeri
    latitude:  41.078926
    longitude: 15.148778
  City_fluminimaggiore:
    Province:  ProvinceCI
    id:        D639
    name:      Fluminimaggiore
    latitude:  39.437924
    longitude: 8.496932
  City_flussio:
    Province:  ProvinceOR
    id:        D640
    name:      Flussio
    latitude:  40.268611
    longitude: 8.541259
  City_fobello:
    Province:  ProvinceVC
    id:        D641
    name:      Fobello
    latitude:  45.890214
    longitude: 8.157788
  City_foggia:
    Province:  ProvinceFG
    id:        D643
    name:      Foggia
    latitude:  41.462335
    longitude: 15.5447
  City_foglianise:
    Province:  ProvinceBN
    id:        D644
    name:      Foglianise
    latitude:  41.165648
    longitude: 14.669241
  City_fogliano_redipuglia:
    Province:  ProvinceGO
    id:        D645
    name:      'Fogliano Redipuglia'
    latitude:  45.867667
    longitude: 13.481889
  City_foglizzo:
    Province:  ProvinceTO
    id:        D646
    name:      Foglizzo
    latitude:  45.272981
    longitude: 7.820944
  City_foiano_della_chiana:
    Province:  ProvinceAR
    id:        D649
    name:      'Foiano della Chiana'
    latitude:  43.250456
    longitude: 11.818152
  City_foiano_di_val_fortore:
    Province:  ProvinceBN
    id:        D650
    name:      'Foiano di Val Fortore'
    latitude:  41.353161
    longitude: 14.980783
  City_folgaria:
    Province:  ProvinceTN
    id:        D651
    name:      Folgaria
    latitude:  45.916278
    longitude: 11.171722
  City_folignano:
    Province:  ProvinceAP
    id:        D652
    name:      Folignano
    latitude:  42.821259
    longitude: 13.635333
  City_foligno:
    Province:  ProvincePG
    id:        D653
    name:      Foligno
    latitude:  42.945
    longitude: 12.702037
  City_follina:
    Province:  ProvinceTV
    id:        D654
    name:      Follina
    latitude:  45.9525
    longitude: 12.12063
  City_follo:
    Province:  ProvinceSP
    id:        D655
    name:      Follo
    latitude:  44.16487
    longitude: 9.862981
  City_follonica:
    Province:  ProvinceGR
    id:        D656
    name:      Follonica
    latitude:  42.918916
    longitude: 10.761376
  City_fombio:
    Province:  ProvinceLO
    id:        D660
    name:      Fombio
    latitude:  45.137501
    longitude: 9.684828
  City_fondachelli_fantina:
    Province:  ProvinceME
    id:        D661
    name:      Fondachelli-Fantina
    latitude:  37.985824
    longitude: 15.173249
  City_fondi:
    Province:  ProvinceLT
    id:        D662
    name:      Fondi
    latitude:  41.355167
    longitude: 13.43237
  City_fondo:
    Province:  ProvinceTN
    id:        D663
    name:      Fondo
    latitude:  46.439241
    longitude: 11.138611
  City_fonni:
    Province:  ProvinceNU
    id:        D665
    name:      Fonni
    latitude:  40.121853
    longitude: 9.253676
  City_fontainemore:
    Province:  ProvinceAO
    id:        D666
    name:      Fontainemore
    latitude:  45.648444
    longitude: 7.86063
  City_fontana_liri:
    Province:  ProvinceFR
    id:        D667
    name:      'Fontana Liri'
    latitude:  41.611219
    longitude: 13.551508
  City_fontanelice:
    Province:  ProvinceBO
    id:        D668
    name:      Fontanelice
    latitude:  44.260027
    longitude: 11.559756
  City_fontanafredda:
    Province:  ProvincePN
    id:        D670
    name:      Fontanafredda
    latitude:  45.973668
    longitude: 12.569703
  City_fontanarosa:
    Province:  ProvinceAV
    id:        D671
    name:      Fontanarosa
    latitude:  41.018573
    longitude: 15.021093
  City_fontanella:
    Province:  ProvinceBG
    id:        D672
    name:      Fontanella
    latitude:  45.470963
    longitude: 9.803148
  City_fontanellato:
    Province:  ProvincePR
    id:        D673
    name:      Fontanellato
    latitude:  44.882667
    longitude: 10.173296
  City_fontanelle:
    Province:  ProvinceTV
    id:        D674
    name:      Fontanelle
    latitude:  45.837056
    longitude: 12.465333
  City_fontaneto_d_agogna:
    Province:  ProvinceNO
    id:        D675
    name:      'Fontaneto D''Agogna'
    latitude:  45.644555
    longitude: 8.482056
  City_fontanetto_po:
    Province:  ProvinceVC
    id:        D676
    name:      'Fontanetto Po'
    latitude:  45.194248
    longitude: 8.192749
  City_fontanigorda:
    Province:  ProvinceGE
    id:        D677
    name:      Fontanigorda
    latitude:  44.547037
    longitude: 9.305648
  City_fontanile:
    Province:  ProvinceAT
    id:        D678
    name:      Fontanile
    latitude:  44.753907
    longitude: 8.422518
  City_fontaniva:
    Province:  ProvincePD
    id:        D679
    name:      Fontaniva
    latitude:  45.635018
    longitude: 11.749704
  City_fonte:
    Province:  ProvinceTV
    id:        D680
    name:      Fonte
    latitude:  45.784921
    longitude: 11.872449
  City_fontecchio:
    Province:  ProvinceAQ
    id:        D681
    name:      Fontecchio
    latitude:  42.23173
    longitude: 13.605115
  City_fontechiari:
    Province:  ProvinceFR
    id:        D682
    name:      Fontechiari
    latitude:  41.669222
    longitude: 13.675481
  City_fontegreca:
    Province:  ProvinceCE
    id:        D683
    name:      Fontegreca
    latitude:  41.456574
    longitude: 14.184537
  City_fonteno:
    Province:  ProvinceBG
    id:        D684
    name:      Fonteno
    latitude:  45.757335
    longitude: 10.018952
  City_fontevivo:
    Province:  ProvincePR
    id:        D685
    name:      Fontevivo
    latitude:  44.85987
    longitude: 10.176259
  City_fonzaso:
    Province:  ProvinceBL
    id:        D686
    name:      Fonzaso
    latitude:  46.01813
    longitude: 11.800963
  City_foppolo:
    Province:  ProvinceBG
    id:        D688
    name:      Foppolo
    latitude:  46.042815
    longitude: 9.758611
  City_forano:
    Province:  ProvinceRI
    id:        D689
    name:      Forano
    latitude:  42.297111
    longitude: 12.595737
  City_san_giovanni_teatino:
    Province:  ProvinceCH
    id:        D690
    name:      'San Giovanni Teatino'
    latitude:  42.410215
    longitude: 14.202207
  City_force:
    Province:  ProvinceAP
    id:        D691
    name:      Force
    latitude:  42.962305
    longitude: 13.488623
  City_forchia:
    Province:  ProvinceBN
    id:        D693
    name:      Forchia
    latitude:  41.030808
    longitude: 14.534423
  City_forcola:
    Province:  ProvinceSO
    id:        D694
    name:      Forcola
    latitude:  46.159555
    longitude: 9.662034
  City_fordongianus:
    Province:  ProvinceOR
    id:        D695
    name:      Fordongianus
    latitude:  39.99563
    longitude: 8.810963
  City_forenza:
    Province:  ProvincePZ
    id:        D696
    name:      Forenza
    latitude:  40.85987
    longitude: 15.857352
  City_foresto_sparso:
    Province:  ProvinceBG
    id:        D697
    name:      'Foresto Sparso'
    latitude:  45.691889
    longitude: 9.921278
  City_forgaria_nel_friuli:
    Province:  ProvinceUD
    id:        D700
    name:      'Forgaria nel Friuli'
    latitude:  46.223963
    longitude: 12.973733
  City_forino:
    Province:  ProvinceAV
    id:        D701
    name:      Forino
    latitude:  40.863778
    longitude: 14.737055
  City_forio:
    Province:  ProvinceNA
    id:        D702
    name:      Forio
    latitude:  40.737394
    longitude: 13.859207
  City_forli_del_sannio:
    Province:  ProvinceIS
    id:        D703
    name:      'Forlì del Sannio'
    latitude:  41.695341
    longitude: 14.18061
  City_forli:
    Province:  ProvinceFC
    id:        D704
    name:      Forlì
    latitude:  44.221229
    longitude: 12.042687
  City_forlimpopoli:
    Province:  ProvinceFC
    id:        D705
    name:      Forlimpopoli
    latitude:  44.18877
    longitude: 12.126752
  City_formazza:
    Province:  ProvinceVB
    id:        D706
    name:      Formazza
    latitude:  46.378294
    longitude: 8.425372
  City_formello:
    Province:  ProvinceRM
    id:        D707
    name:      Formello
    latitude:  42.078815
    longitude: 12.400212
  City_formia:
    Province:  ProvinceLT
    id:        D708
    name:      Formia
    latitude:  41.256351
    longitude: 13.605914
  City_formicola:
    Province:  ProvinceCE
    id:        D709
    name:      Formicola
    latitude:  41.211111
    longitude: 14.238463
  City_formigara:
    Province:  ProvinceCR
    id:        D710
    name:      Formigara
    latitude:  45.222167
    longitude: 9.768673
  City_formigine:
    Province:  ProvinceMO
    id:        D711
    name:      Formigine
    latitude:  44.577227
    longitude: 10.848739
  City_formigliana:
    Province:  ProvinceVC
    id:        D712
    name:      Formigliana
    latitude:  45.429435
    longitude: 8.292821
  City_formignana:
    Province:  ProvinceFE
    id:        D713
    name:      Formignana
    latitude:  44.844556
    longitude: 11.861111
  City_fornace:
    Province:  ProvinceTN
    id:        D714
    name:      Fornace
    latitude:  46.118029
    longitude: 11.207516
  City_fornelli:
    Province:  ProvinceIS
    id:        D715
    name:      Fornelli
    latitude:  41.605944
    longitude: 14.140315
  City_tonezza_del_cimone:
    Province:  ProvinceVI
    id:        D717
    name:      'Tonezza del Cimone'
    latitude:  45.85555
    longitude: 11.347173
  City_forni_avoltri:
    Province:  ProvinceUD
    id:        D718
    name:      'Forni Avoltri'
    latitude:  46.58552
    longitude: 12.777376
  City_forni_di_sopra:
    Province:  ProvinceUD
    id:        D719
    name:      'Forni di Sopra'
    latitude:  46.42314
    longitude: 12.583463
  City_forni_di_sotto:
    Province:  ProvinceUD
    id:        D720
    name:      'Forni di Sotto'
    latitude:  46.395481
    longitude: 12.675167
  City_forno_canavese:
    Province:  ProvinceTO
    id:        D725
    name:      'Forno Canavese'
    latitude:  45.346426
    longitude: 7.592204
  City_forno_di_zoldo:
    Province:  ProvinceBL
    id:        D726
    name:      'Forno di Zoldo'
    latitude:  46.348759
    longitude: 12.183148
  City_fornovo_san_giovanni:
    Province:  ProvinceBG
    id:        D727
    name:      'Fornovo San Giovanni'
    latitude:  45.498759
    longitude: 9.679704
  City_fornovo_di_taro:
    Province:  ProvincePR
    id:        D728
    name:      'Fornovo di Taro'
    latitude:  44.692981
    longitude: 10.102037
  City_forte_dei_marmi:
    Province:  ProvinceLU
    id:        D730
    name:      'Forte dei Marmi'
    latitude:  43.965963
    longitude: 10.173444
  City_fortezza:
    Province:  ProvinceBZ
    id:        D731
    name:      Fortezza
    latitude:  46.787122
    longitude: 11.606959
  City_fortunago:
    Province:  ProvincePV
    id:        D732
    name:      Fortunago
    latitude:  44.92161
    longitude: 9.185471
  City_forza_d_agro:
    Province:  ProvinceME
    id:        D733
    name:      'Forza D''Agrò'
    latitude:  37.915003
    longitude: 15.333947
  City_fosciandora:
    Province:  ProvinceLU
    id:        D734
    name:      Fosciandora
    latitude:  44.115943
    longitude: 10.459543
  City_fosdinovo:
    Province:  ProvinceMS
    id:        D735
    name:      Fosdinovo
    latitude:  44.133273
    longitude: 10.017604
  City_fossa:
    Province:  ProvinceAQ
    id:        D736
    name:      Fossa
    latitude:  42.295772
    longitude: 13.487424
  City_fossalto:
    Province:  ProvinceCB
    id:        D737
    name:      Fossalto
    latitude:  41.673907
    longitude: 14.546741
  City_fossacesia:
    Province:  ProvinceCH
    id:        D738
    name:      Fossacesia
    latitude:  42.243256
    longitude: 14.480364
  City_fossalta_di_piave:
    Province:  ProvinceVE
    id:        D740
    name:      'Fossalta di Piave'
    latitude:  45.643968
    longitude: 12.511848
  City_fossalta_di_portogruaro:
    Province:  ProvinceVE
    id:        D741
    name:      'Fossalta di Portogruaro'
    latitude:  45.792377
    longitude: 12.908636
  City_fossano:
    Province:  ProvinceCN
    id:        D742
    name:      Fossano
    latitude:  44.550005
    longitude: 7.723773
  City_fossato_serralta:
    Province:  ProvinceCZ
    id:        D744
    name:      'Fossato Serralta'
    latitude:  38.996876
    longitude: 16.578627
  City_fossato_di_vico:
    Province:  ProvincePG
    id:        D745
    name:      'Fossato di Vico'
    latitude:  43.296879
    longitude: 12.759698
  City_montebello_ionico:
    Province:  ProvinceRC
    id:        D746
    name:      'Montebello Ionico'
    latitude:  37.984206
    longitude: 15.758749
  City_fosso:
    Province:  ProvinceVE
    id:        D748
    name:      Fossò
    latitude:  45.386278
    longitude: 12.050481
  City_fossombrone:
    Province:  ProvincePU
    id:        D749
    name:      Fossombrone
    latitude:  43.691722
    longitude: 12.813778
  City_foza:
    Province:  ProvinceVI
    id:        D750
    name:      Foza
    latitude:  45.896998
    longitude: 11.630858
  City_frabosa_soprana:
    Province:  ProvinceCN
    id:        D751
    name:      'Frabosa Soprana'
    latitude:  44.288705
    longitude: 7.80623
  City_frabosa_sottana:
    Province:  ProvinceCN
    id:        D752
    name:      'Frabosa Sottana'
    latitude:  44.301878
    longitude: 7.797946
  City_fragagnano:
    Province:  ProvinceTA
    id:        D754
    name:      Fragagnano
    latitude:  40.432981
    longitude: 17.473148
  City_fragneto_l_abate:
    Province:  ProvinceBN
    id:        D755
    name:      'Fragneto L''Abate'
    latitude:  41.25965
    longitude: 14.785282
  City_fragneto_monforte:
    Province:  ProvinceBN
    id:        D756
    name:      'Fragneto Monforte'
    latitude:  41.247981
    longitude: 14.764074
  City_fraine:
    Province:  ProvinceCH
    id:        D757
    name:      Fraine
    latitude:  41.906407
    longitude: 14.487352
  City_framura:
    Province:  ProvinceSP
    id:        D758
    name:      Framura
    latitude:  44.208884
    longitude: 9.55431
  City_francavilla_bisio:
    Province:  ProvinceAL
    id:        D759
    name:      'Francavilla Bisio'
    latitude:  44.73563
    longitude: 8.732352
  City_francavilla_d_ete:
    Province:  ProvinceAP
    id:        D760
    name:      'Francavilla D''Ete'
    latitude:  43.188463
    longitude: 13.541741
  City_francavilla_fontana:
    Province:  ProvinceBR
    id:        D761
    name:      'Francavilla Fontana'
    latitude:  40.531747
    longitude: 17.586111
  City_francavilla_angitola:
    Province:  ProvinceVV
    id:        D762
    name:      'Francavilla Angitola'
    latitude:  38.777787
    longitude: 16.270177
  City_francavilla_al_mare:
    Province:  ProvinceCH
    id:        D763
    name:      'Francavilla al Mare'
    latitude:  42.421522
    longitude: 14.287307
  City_francavilla_marittima:
    Province:  ProvinceCS
    id:        D764
    name:      'Francavilla Marittima'
    latitude:  39.8225
    longitude: 16.389537
  City_francavilla_di_sicilia:
    Province:  ProvinceME
    id:        D765
    name:      'Francavilla di Sicilia'
    latitude:  37.901638
    longitude: 15.135935
  City_francavilla_in_sinni:
    Province:  ProvincePZ
    id:        D766
    name:      'Francavilla in Sinni'
    latitude:  40.080167
    longitude: 16.204241
  City_francica:
    Province:  ProvinceVV
    id:        D767
    name:      Francica
    latitude:  38.616722
    longitude: 16.100167
  City_francofonte:
    Province:  ProvinceSR
    id:        D768
    name:      Francofonte
    latitude:  37.2275
    longitude: 14.881407
  City_francolise:
    Province:  ProvinceCE
    id:        D769
    name:      Francolise
    latitude:  41.185973
    longitude: 14.057373
  City_frascaro:
    Province:  ProvinceAL
    id:        D770
    name:      Frascaro
    latitude:  44.827518
    longitude: 8.533463
  City_frascarolo:
    Province:  ProvincePV
    id:        D771
    name:      Frascarolo
    latitude:  45.047667
    longitude: 8.68313
  City_frascati:
    Province:  ProvinceRM
    id:        D773
    name:      Frascati
    latitude:  41.806204
    longitude: 12.68043
  City_frascineto:
    Province:  ProvinceCS
    id:        D774
    name:      Frascineto
    latitude:  39.837518
    longitude: 16.262815
  City_frassilongo:
    Province:  ProvinceTN
    id:        D775
    name:      Frassilongo
    latitude:  46.090963
    longitude: 11.298296
  City_frassinelle_polesine:
    Province:  ProvinceRO
    id:        D776
    name:      'Frassinelle Polesine'
    latitude:  44.996236
    longitude: 11.698018
  City_frassinello_monferrato:
    Province:  ProvinceAL
    id:        D777
    name:      'Frassinello Monferrato'
    latitude:  45.033041
    longitude: 8.386868
  City_frassineto_po:
    Province:  ProvinceAL
    id:        D780
    name:      'Frassineto Po'
    latitude:  45.134704
    longitude: 8.535481
  City_frassinetto:
    Province:  ProvinceTO
    id:        D781
    name:      Frassinetto
    latitude:  45.437815
    longitude: 7.607815
  City_frassino:
    Province:  ProvinceCN
    id:        D782
    name:      Frassino
    latitude:  44.572667
    longitude: 7.277204
  City_frassinoro:
    Province:  ProvinceMO
    id:        D783
    name:      Frassinoro
    latitude:  44.296115
    longitude: 10.572542
  City_frasso_telesino:
    Province:  ProvinceBN
    id:        D784
    name:      'Frasso Telesino'
    latitude:  41.157815
    longitude: 14.528759
  City_frasso_sabino:
    Province:  ProvinceRI
    id:        D785
    name:      'Frasso Sabino'
    latitude:  42.229671
    longitude: 12.805046
  City_umbertide:
    Province:  ProvincePG
    id:        D786
    name:      Umbertide
    latitude:  43.306574
    longitude: 12.3375
  City_fratta_todina:
    Province:  ProvincePG
    id:        D787
    name:      'Fratta Todina'
    latitude:  42.85783
    longitude: 12.364679
  City_fratta_polesine:
    Province:  ProvinceRO
    id:        D788
    name:      'Fratta Polesine'
    latitude:  45.030333
    longitude: 11.646111
  City_frattamaggiore:
    Province:  ProvinceNA
    id:        D789
    name:      Frattamaggiore
    latitude:  40.940315
    longitude: 14.275018
  City_frattaminore:
    Province:  ProvinceNA
    id:        D790
    name:      Frattaminore
    latitude:  40.956574
    longitude: 14.273778
  City_fratte_rosa:
    Province:  ProvincePU
    id:        D791
    name:      'Fratte Rosa'
    latitude:  43.631417
    longitude: 12.900708
  City_frazzano:
    Province:  ProvinceME
    id:        D793
    name:      Frazzanò
    latitude:  38.073245
    longitude: 14.74377
  City_fregona:
    Province:  ProvinceTV
    id:        D794
    name:      Fregona
    latitude:  46.004389
    longitude: 12.341278
  City_fresagrandinaria:
    Province:  ProvinceCH
    id:        D796
    name:      Fresagrandinaria
    latitude:  41.975444
    longitude: 14.662804
  City_fresonara:
    Province:  ProvinceAL
    id:        D797
    name:      Fresonara
    latitude:  44.783907
    longitude: 8.68737
  City_frigento:
    Province:  ProvinceAV
    id:        D798
    name:      Frigento
    latitude:  41.012352
    longitude: 15.10063
  City_frignano:
    Province:  ProvinceCE
    id:        D799
    name:      Frignano
    latitude:  40.999241
    longitude: 14.18
  City_villa_di_briano:
    Province:  ProvinceCE
    id:        D801
    name:      'Villa di Briano'
    latitude:  41.001111
    longitude: 14.161741
  City_frinco:
    Province:  ProvinceAT
    id:        D802
    name:      Frinco
    latitude:  45.00488
    longitude: 8.171918
  City_frisa:
    Province:  ProvinceCH
    id:        D803
    name:      Frisa
    latitude:  42.263912
    longitude: 14.370846
  City_frisanco:
    Province:  ProvincePN
    id:        D804
    name:      Frisanco
    latitude:  46.21322
    longitude: 12.727053
  City_front:
    Province:  ProvinceTO
    id:        D805
    name:      Front
    latitude:  45.281915
    longitude: 7.664062
  City_frontino:
    Province:  ProvincePU
    id:        D807
    name:      Frontino
    latitude:  43.764763
    longitude: 12.378813
  City_frontone:
    Province:  ProvincePU
    id:        D808
    name:      Frontone
    latitude:  43.512845
    longitude: 12.731724
  City_frosinone:
    Province:  ProvinceFR
    id:        D810
    name:      Frosinone
    latitude:  41.640137
    longitude: 13.351902
  City_frosolone:
    Province:  ProvinceIS
    id:        D811
    name:      Frosolone
    latitude:  41.601091
    longitude: 14.448726
  City_frossasco:
    Province:  ProvinceTO
    id:        D812
    name:      Frossasco
    latitude:  44.934074
    longitude: 7.351278
  City_frugarolo:
    Province:  ProvinceAL
    id:        D813
    name:      Frugarolo
    latitude:  44.83813
    longitude: 8.682667
  City_fubine:
    Province:  ProvinceAL
    id:        D814
    name:      Fubine
    latitude:  44.965824
    longitude: 8.42691
  City_fucecchio:
    Province:  ProvinceFI
    id:        D815
    name:      Fucecchio
    latitude:  43.728926
    longitude: 10.811278
  City_fuipiano_valle_imagna:
    Province:  ProvinceBG
    id:        D817
    name:      'Fuipiano Valle Imagna'
    latitude:  45.8506
    longitude: 9.525971
  City_fumane:
    Province:  ProvinceVR
    id:        D818
    name:      Fumane
    latitude:  45.540603
    longitude: 10.88576
  City_fumone:
    Province:  ProvinceFR
    id:        D819
    name:      Fumone
    latitude:  41.728611
    longitude: 13.273444
  City_funes:
    Province:  ProvinceBZ
    id:        D821
    name:      Funes
    latitude:  46.643077
    longitude: 11.680208
  City_furci:
    Province:  ProvinceCH
    id:        D823
    name:      Furci
    latitude:  42.009975
    longitude: 14.589161
  City_furci_siculo:
    Province:  ProvinceME
    id:        D824
    name:      'Furci Siculo'
    latitude:  37.961404
    longitude: 15.380324
  City_furnari:
    Province:  ProvinceME
    id:        D825
    name:      Furnari
    latitude:  38.105481
    longitude: 15.124556
  City_furore:
    Province:  ProvinceSA
    id:        D826
    name:      Furore
    latitude:  40.618831
    longitude: 14.55316
  City_furtei:
    Province:  ProvinceVS
    id:        D827
    name:      Furtei
    latitude:  39.564504
    longitude: 8.94857
  City_fuscaldo:
    Province:  ProvinceCS
    id:        D828
    name:      Fuscaldo
    latitude:  39.415315
    longitude: 16.03063
  City_fusignano:
    Province:  ProvinceRA
    id:        D829
    name:      Fusignano
    latitude:  44.466111
    longitude: 11.95813
  City_fusine:
    Province:  ProvinceSO
    id:        D830
    name:      Fusine
    latitude:  46.150481
    longitude: 9.750963
  City_futani:
    Province:  ProvinceSA
    id:        D832
    name:      Futani
    latitude:  40.151299
    longitude: 15.322738
